{"type":"Topology","transform":{"scale":[0.000055563786438623374,0.00004194593267677906],"translate":[-74.25559136381254,40.496115395164956]},"objects":{"fc":{"type":"GeometryCollection","geometries":[{"type":"Polygon","id":0,"arcs":[[0,1,2,3,4,5]],"properties":{"FireCoType":"E","FireCoNum":214,"FireBN":37,"FireDiv":15,"Shape_Leng":12069.312309,"Shape_Area":8852559.67567}},{"type":"Polygon","id":1,"arcs":[[6,7,8,9,10]],"properties":{"FireCoType":"E","FireCoNum":227,"FireBN":44,"FireDiv":15,"Shape_Leng":12410.3211698,"Shape_Area":5331327.2397}},{"type":"Polygon","id":2,"arcs":[[11,12,13,14,15,16,17]],"properties":{"FireCoType":"E","FireCoNum":247,"FireBN":40,"FireDiv":8,"Shape_Leng":24622.6625134,"Shape_Area":21978391.2999}},{"type":"Polygon","id":3,"arcs":[[18,19,20,21,22]],"properties":{"FireCoType":"E","FireCoNum":253,"FireBN":43,"FireDiv":8,"Shape_Leng":15671.2275257,"Shape_Area":13085798.4134}},{"type":"Polygon","id":4,"arcs":[[23,24,25,26,27]],"properties":{"FireCoType":"E","FireCoNum":262,"FireBN":49,"FireDiv":14,"Shape_Leng":19427.6164282,"Shape_Area":18259366.2333}},{"type":"Polygon","id":5,"arcs":[[28,29,30,31]],"properties":{"FireCoType":"E","FireCoNum":273,"FireBN":52,"FireDiv":14,"Shape_Leng":17609.4517245,"Shape_Area":16431918.3981}},{"type":"Polygon","id":6,"arcs":[[32,-4,33,34,35,36]],"properties":{"FireCoType":"E","FireCoNum":277,"FireBN":37,"FireDiv":15,"Shape_Leng":10836.8667357,"Shape_Area":7374395.68516}},{"type":"Polygon","id":7,"arcs":[[37,-11,38,39]],"properties":{"FireCoType":"E","FireCoNum":231,"FireBN":44,"FireDiv":15,"Shape_Leng":17219.9534928,"Shape_Area":14515550.9793}},{"type":"Polygon","id":8,"arcs":[[40,41,42,43,-1,44]],"properties":{"FireCoType":"E","FireCoNum":235,"FireBN":57,"FireDiv":11,"Shape_Leng":16889.1344517,"Shape_Area":14311078.9475}},{"type":"Polygon","id":9,"arcs":[[45,46,47,48,49]],"properties":{"FireCoType":"E","FireCoNum":55,"FireBN":2,"FireDiv":1,"Shape_Leng":9457.92069002,"Shape_Area":3431682.7947}},{"type":"Polygon","id":10,"arcs":[[50,51,52,53,54]],"properties":{"FireCoType":"E","FireCoNum":304,"FireBN":53,"FireDiv":14,"Shape_Leng":24541.8185787,"Shape_Area":33635258.6317}},{"type":"Polygon","id":12,"arcs":[[55,56,57,58,59]],"properties":{"FireCoType":"E","FireCoNum":34,"FireBN":7,"FireDiv":1,"Shape_Leng":17020.6281357,"Shape_Area":8210435.71607}},{"type":"Polygon","id":13,"arcs":[[60,61,62,63]],"properties":{"FireCoType":"E","FireCoNum":50,"FireBN":26,"FireDiv":6,"Shape_Leng":15061.7075042,"Shape_Area":8781455.52898}},{"type":"Polygon","id":14,"arcs":[[64,65,66,-42,67]],"properties":{"FireCoType":"L","FireCoNum":132,"FireBN":38,"FireDiv":15,"Shape_Leng":16447.4588365,"Shape_Area":13562365.8615}},{"type":"Polygon","id":15,"arcs":[[68,69,70]],"properties":{"FireCoType":"L","FireCoNum":135,"FireBN":51,"FireDiv":13,"Shape_Leng":22345.636384,"Shape_Area":22251101.1696}},{"type":"Polygon","id":16,"arcs":[[71,72,73,74]],"properties":{"FireCoType":"L","FireCoNum":137,"FireBN":47,"FireDiv":13,"Shape_Leng":11488.168045,"Shape_Area":7671029.30799}},{"type":"Polygon","id":17,"arcs":[[75,76,77,78,79,80]],"properties":{"FireCoType":"L","FireCoNum":110,"FireBN":31,"FireDiv":11,"Shape_Leng":11904.8158722,"Shape_Area":4788646.95605}},{"type":"Polygon","id":19,"arcs":[[81,82,83,84,85]],"properties":{"FireCoType":"E","FireCoNum":74,"FireBN":11,"FireDiv":3,"Shape_Leng":14581.2861074,"Shape_Area":8957867.14963}},{"type":"Polygon","id":20,"arcs":[[86,87,88,89,90]],"properties":{"FireCoType":"L","FireCoNum":27,"FireBN":17,"FireDiv":6,"Shape_Leng":9201.39979518,"Shape_Area":4478405.33463}},{"type":"Polygon","id":21,"arcs":[[91,92,-64,93,94]],"properties":{"FireCoType":"L","FireCoNum":31,"FireBN":26,"FireDiv":6,"Shape_Leng":13327.0731651,"Shape_Area":7340249.94718}},{"type":"Polygon","id":22,"arcs":[[95,96,97,98,99,100,101]],"properties":{"FireCoType":"L","FireCoNum":33,"FireBN":19,"FireDiv":7,"Shape_Leng":12469.23442,"Shape_Area":5537501.91004}},{"type":"Polygon","id":23,"arcs":[[102,103,104,105]],"properties":{"FireCoType":"L","FireCoNum":40,"FireBN":11,"FireDiv":3,"Shape_Leng":9675.31621842,"Shape_Area":5584951.76337}},{"type":"Polygon","id":24,"arcs":[[106,107,108,-17,109,110]],"properties":{"FireCoType":"L","FireCoNum":148,"FireBN":48,"FireDiv":11,"Shape_Leng":18127.6037089,"Shape_Area":17140576.911}},{"type":"Polygon","id":25,"arcs":[[111,112,113,114,-53]],"properties":{"FireCoType":"L","FireCoNum":150,"FireBN":54,"FireDiv":13,"Shape_Leng":23127.2938269,"Shape_Area":32050269.9392}},{"type":"Polygon","id":26,"arcs":[[115,116,117,118,119,120]],"properties":{"FireCoType":"L","FireCoNum":159,"FireBN":33,"FireDiv":15,"Shape_Leng":23215.8669089,"Shape_Area":25534350.6877}},{"type":"Polygon","id":27,"arcs":[[121,122,123,124,-20]],"properties":{"FireCoType":"L","FireCoNum":168,"FireBN":42,"FireDiv":8,"Shape_Leng":15240.8318621,"Shape_Area":14278876.729}},{"type":"Polygon","id":28,"arcs":[[-124,125,126,-12,127]],"properties":{"FireCoType":"L","FireCoNum":172,"FireBN":42,"FireDiv":8,"Shape_Leng":16985.7699093,"Shape_Area":13433063.1562}},{"type":"Polygon","id":29,"arcs":[[128,129,130,131,132,133,134]],"properties":{"FireCoType":"L","FireCoNum":174,"FireBN":58,"FireDiv":15,"Shape_Leng":17552.3605813,"Shape_Area":13230982.361}},{"type":"Polygon","id":30,"arcs":[[-94,-63,135,136,-87,137,138]],"properties":{"FireCoType":"L","FireCoNum":19,"FireBN":26,"FireDiv":6,"Shape_Leng":15465.0718178,"Shape_Area":7155468.5491}},{"type":"Polygon","id":31,"arcs":[[139,-57,140,141]],"properties":{"FireCoType":"L","FireCoNum":21,"FireBN":7,"FireDiv":1,"Shape_Leng":9916.13239806,"Shape_Area":5598928.58196}},{"type":"Polygon","id":32,"arcs":[[142,143,-46,144,145,146]],"properties":{"FireCoType":"L","FireCoNum":6,"FireBN":4,"FireDiv":1,"Shape_Leng":8313.83285572,"Shape_Area":3034001.68635}},{"type":"Polygon","id":33,"arcs":[[147,148,149,150,151,-49]],"properties":{"FireCoType":"L","FireCoNum":8,"FireBN":2,"FireDiv":1,"Shape_Leng":11159.75288,"Shape_Area":4943055.24504}},{"type":"Polygon","id":34,"arcs":[[152,153,154,155,156]],"properties":{"FireCoType":"E","FireCoNum":293,"FireBN":51,"FireDiv":13,"Shape_Leng":16019.7828911,"Shape_Area":14904464.7217}},{"type":"Polygon","id":35,"arcs":[[157,158,-135,159,-7,-38,160]],"properties":{"FireCoType":"E","FireCoNum":257,"FireBN":58,"FireDiv":15,"Shape_Leng":21646.2048957,"Shape_Area":23816896.1065}},{"type":"Polygon","id":36,"arcs":[[161,162,163,164]],"properties":{"FireCoType":"L","FireCoNum":124,"FireBN":28,"FireDiv":11,"Shape_Leng":11051.9811554,"Shape_Area":7143708.07689}},{"type":"Polygon","id":37,"arcs":[[165,166,167,168]],"properties":{"FireCoType":"E","FireCoNum":241,"FireBN":40,"FireDiv":8,"Shape_Leng":23109.978315,"Shape_Area":27038509.4032}},{"type":"Polygon","id":38,"arcs":[[169,170,-157,171,172]],"properties":{"FireCoType":"L","FireCoNum":142,"FireBN":51,"FireDiv":13,"Shape_Leng":17142.2043149,"Shape_Area":15791078.7325}},{"type":"Polygon","id":39,"arcs":[[173,-39,-10,174,175]],"properties":{"FireCoType":"L","FireCoNum":120,"FireBN":44,"FireDiv":15,"Shape_Leng":16924.6276574,"Shape_Area":11980558.4555}},{"type":"Polygon","id":40,"arcs":[[176,177,-45,-6,178]],"properties":{"FireCoType":"L","FireCoNum":111,"FireBN":37,"FireDiv":15,"Shape_Leng":11000.6368602,"Shape_Area":7141518.49749}},{"type":"Polygon","id":41,"arcs":[[179,-22,180,181,182,183]],"properties":{"FireCoType":"E","FireCoNum":254,"FireBN":33,"FireDiv":15,"Shape_Leng":16914.7189575,"Shape_Area":16857772.0776}},{"type":"Polygon","id":42,"arcs":[[184,185,186,187,188]],"properties":{"FireCoType":"E","FireCoNum":255,"FireBN":41,"FireDiv":15,"Shape_Leng":20930.3475581,"Shape_Area":16171505.6577}},{"type":"Polygon","id":43,"arcs":[[189,190,191,192,193]],"properties":{"FireCoType":"E","FireCoNum":314,"FireBN":54,"FireDiv":13,"Shape_Leng":45905.4571284,"Shape_Area":64087511.3098}},{"type":"Polygon","id":44,"arcs":[[194,195,-110,-16,196,197]],"properties":{"FireCoType":"E","FireCoNum":282,"FireBN":48,"FireDiv":11,"Shape_Leng":17141.5908832,"Shape_Area":13798440.8196}},{"type":"Polygon","id":45,"arcs":[[-197,-15,198,199,200]],"properties":{"FireCoType":"E","FireCoNum":201,"FireBN":40,"FireDiv":8,"Shape_Leng":31813.0951164,"Shape_Area":15562980.8849}},{"type":"Polygon","id":46,"arcs":[[201,202,203,-47,-144,204]],"properties":{"FireCoType":"L","FireCoNum":1,"FireBN":1,"FireDiv":1,"Shape_Leng":8298.66631529,"Shape_Area":3085752.65269}},{"type":"Polygon","id":47,"arcs":[[205,-24,206]],"properties":{"FireCoType":"E","FireCoNum":312,"FireBN":49,"FireDiv":14,"Shape_Leng":25982.7716227,"Shape_Area":32857969.1367}},{"type":"Polygon","id":48,"arcs":[[207,208,209,210,211,212]],"properties":{"FireCoType":"E","FireCoNum":239,"FireBN":48,"FireDiv":11,"Shape_Leng":19322.3412368,"Shape_Area":12697017.1522}},{"type":"Polygon","id":49,"arcs":[[-213,213,214,215]],"properties":{"FireCoType":"Q","FireCoNum":1,"FireBN":48,"FireDiv":11,"Shape_Leng":12696.7606957,"Shape_Area":8222453.61873}},{"type":"Polygon","id":50,"arcs":[[216,217,-37,218,219]],"properties":{"FireCoType":"L","FireCoNum":112,"FireBN":37,"FireDiv":15,"Shape_Leng":11347.1736668,"Shape_Area":7807845.67147}},{"type":"Polygon","id":51,"arcs":[[-219,-36,220,-165,221,222,223,224]],"properties":{"FireCoType":"E","FireCoNum":271,"FireBN":28,"FireDiv":11,"Shape_Leng":13217.8782497,"Shape_Area":7131630.80467}},{"type":"Polygon","id":52,"arcs":[[225,-70,226,-223,227,228,229]],"properties":{"FireCoType":"L","FireCoNum":140,"FireBN":45,"FireDiv":14,"Shape_Leng":27873.340692,"Shape_Area":17315648.2229}},{"type":"Polygon","id":53,"arcs":[[230,-230,231,232,233,234,235]],"properties":{"FireCoType":"L","FireCoNum":136,"FireBN":46,"FireDiv":14,"Shape_Leng":25731.9406285,"Shape_Area":29396220.0035}},{"type":"Polygon","id":54,"arcs":[[236,237,238,239,-61]],"properties":{"FireCoType":"E","FireCoNum":73,"FireBN":26,"FireDiv":6,"Shape_Leng":12164.0426838,"Shape_Area":7369471.15986}},{"type":"Polygon","id":55,"arcs":[[-239,240,241,242]],"properties":{"FireCoType":"Q","FireCoNum":41,"FireBN":14,"FireDiv":6,"Shape_Leng":8594.50359387,"Shape_Area":3303714.68885}},{"type":"Polygon","id":56,"arcs":[[-113,243,244,245,246]],"properties":{"FireCoType":"E","FireCoNum":275,"FireBN":50,"FireDiv":13,"Shape_Leng":24107.4109932,"Shape_Area":31840142.9921}},{"type":"Polygon","id":57,"arcs":[[247,248,-247,249,250,251,252,253]],"properties":{"FireCoType":"L","FireCoNum":127,"FireBN":50,"FireDiv":13,"Shape_Leng":23062.5452774,"Shape_Area":17057592.7465}},{"type":"Polygon","id":58,"arcs":[[254,-142,255,256,257]],"properties":{"FireCoType":"E","FireCoNum":26,"FireBN":7,"FireDiv":1,"Shape_Leng":8886.93811802,"Shape_Area":4754344.1808}},{"type":"Polygon","id":59,"arcs":[[258,-258,259,260,261]],"properties":{"FireCoType":"E","FireCoNum":65,"FireBN":8,"FireDiv":3,"Shape_Leng":8863.04294431,"Shape_Area":4437858.75977}},{"type":"Polygon","id":60,"arcs":[[262,263,264,265]],"properties":{"FireCoType":"E","FireCoNum":1,"FireBN":7,"FireDiv":1,"Shape_Leng":10300.8544197,"Shape_Area":5363346.58519}},{"type":"Polygon","id":61,"arcs":[[266,267,268,269,270]],"properties":{"FireCoType":"E","FireCoNum":84,"FireBN":13,"FireDiv":7,"Shape_Leng":13447.3415835,"Shape_Area":9042036.0619}},{"type":"Polygon","id":62,"arcs":[[-79,271,272,273]],"properties":{"FireCoType":"E","FireCoNum":205,"FireBN":32,"FireDiv":11,"Shape_Leng":19621.0496577,"Shape_Area":11033281.5819}},{"type":"Polygon","id":63,"arcs":[[-134,274,275,-8,-160]],"properties":{"FireCoType":"E","FireCoNum":283,"FireBN":58,"FireDiv":15,"Shape_Leng":13284.6545483,"Shape_Area":7410540.14406}},{"type":"Polygon","id":64,"arcs":[[276,277,278,-122,-19,279]],"properties":{"FireCoType":"E","FireCoNum":243,"FireBN":42,"FireDiv":8,"Shape_Leng":15452.7803464,"Shape_Area":14420209.5322}},{"type":"Polygon","id":65,"arcs":[[-279,280,281,282,-126,-123]],"properties":{"FireCoType":"L","FireCoNum":149,"FireBN":42,"FireDiv":8,"Shape_Leng":24610.1060948,"Shape_Area":20123249.9326}},{"type":"Polygon","id":66,"arcs":[[283,-183,284,285,286]],"properties":{"FireCoType":"E","FireCoNum":246,"FireBN":43,"FireDiv":8,"Shape_Leng":18119.0482459,"Shape_Area":20389432.6407}},{"type":"Polygon","id":67,"arcs":[[-182,287,288,289,290,-116,291,292,-285]],"properties":{"FireCoType":"E","FireCoNum":276,"FireBN":33,"FireDiv":15,"Shape_Leng":21182.5165401,"Shape_Area":25436661.0365}},{"type":"Polygon","id":68,"arcs":[[293,294,295,296,-41,-178,297]],"properties":{"FireCoType":"E","FireCoNum":234,"FireBN":38,"FireDiv":15,"Shape_Leng":18108.9363022,"Shape_Area":17913750.7129}},{"type":"Polygon","id":69,"arcs":[[298,299,300,-108,301,302,303,-117]],"properties":{"FireCoType":"L","FireCoNum":156,"FireBN":33,"FireDiv":15,"Shape_Leng":23955.2803796,"Shape_Area":23113156.5126}},{"type":"Polygon","id":70,"arcs":[[304,305,306,307]],"properties":{"FireCoType":"E","FireCoNum":38,"FireBN":15,"FireDiv":7,"Shape_Leng":28230.4289,"Shape_Area":31171309.8337}},{"type":"Polygon","id":71,"arcs":[[308,309,-65,-294,-132,310]],"properties":{"FireCoType":"E","FireCoNum":249,"FireBN":38,"FireDiv":15,"Shape_Leng":21123.2120105,"Shape_Area":15945269.7922}},{"type":"Polygon","id":72,"arcs":[[311,312,-311,-131]],"properties":{"FireCoType":"L","FireCoNum":113,"FireBN":38,"FireDiv":15,"Shape_Leng":22367.6809257,"Shape_Area":19558035.0712}},{"type":"Polygon","id":73,"arcs":[[313,314,315,316]],"properties":{"FireCoType":"E","FireCoNum":4,"FireBN":1,"FireDiv":1,"Shape_Leng":9683.97877331,"Shape_Area":2336745.16784}},{"type":"Polygon","id":74,"arcs":[[317,318,-292,-121]],"properties":{"FireCoType":"E","FireCoNum":309,"FireBN":33,"FireDiv":15,"Shape_Leng":24886.9961424,"Shape_Area":28014016.433}},{"type":"Polygon","id":75,"arcs":[[319,320,321,322]],"properties":{"FireCoType":"L","FireCoNum":23,"FireBN":16,"FireDiv":6,"Shape_Leng":10970.9028606,"Shape_Area":5246171.54317}},{"type":"Polygon","id":76,"arcs":[[323,324,-97,325,326,-89]],"properties":{"FireCoType":"E","FireCoNum":46,"FireBN":17,"FireDiv":6,"Shape_Leng":11166.1353164,"Shape_Area":5014700.68893}},{"type":"Polygon","id":77,"arcs":[[327,328,329,330,-324,-88,-137]],"properties":{"FireCoType":"E","FireCoNum":92,"FireBN":17,"FireDiv":6,"Shape_Leng":15906.8876862,"Shape_Area":10982464.8611}},{"type":"Polygon","id":78,"arcs":[[331,332,333,334]],"properties":{"FireCoType":"E","FireCoNum":159,"FireBN":21,"FireDiv":8,"Shape_Leng":31333.0120269,"Shape_Area":36391188.6617}},{"type":"Polygon","id":79,"arcs":[[335,336,337,-263,338]],"properties":{"FireCoType":"E","FireCoNum":16,"FireBN":8,"FireDiv":3,"Shape_Leng":16692.3733555,"Shape_Area":8613952.30418}},{"type":"Polygon","id":80,"arcs":[[339,340,341,342]],"properties":{"FireCoType":"L","FireCoNum":26,"FireBN":12,"FireDiv":3,"Shape_Leng":13870.6721573,"Shape_Area":7692199.04894}},{"type":"Polygon","id":81,"arcs":[[343,344,345,346,347,348]],"properties":{"FireCoType":"E","FireCoNum":258,"FireBN":45,"FireDiv":14,"Shape_Leng":28790.6358084,"Shape_Area":18821050.5465}},{"type":"Polygon","id":82,"arcs":[[349,-316,350,351,-202,352]],"properties":{"FireCoType":"E","FireCoNum":6,"FireBN":1,"FireDiv":1,"Shape_Leng":13535.4159737,"Shape_Area":6199501.43095}},{"type":"Polygon","id":83,"arcs":[[353,354,-155,355,356,357]],"properties":{"FireCoType":"L","FireCoNum":143,"FireBN":51,"FireDiv":13,"Shape_Leng":26204.5558703,"Shape_Area":33365984.959}},{"type":"Polygon","id":84,"arcs":[[358,359,-234,360,361,362]],"properties":{"FireCoType":"E","FireCoNum":324,"FireBN":46,"FireDiv":14,"Shape_Leng":25208.8399329,"Shape_Area":30930859.5443}},{"type":"Polygon","id":85,"arcs":[[363,-363,364,365]],"properties":{"FireCoType":"L","FireCoNum":138,"FireBN":46,"FireDiv":14,"Shape_Leng":24094.0431869,"Shape_Area":20367220.33}},{"type":"Polygon","id":86,"arcs":[[366,367,368,369,370]],"properties":{"FireCoType":"L","FireCoNum":167,"FireBN":53,"FireDiv":14,"Shape_Leng":31084.2957142,"Shape_Area":38251913.605}},{"type":"Polygon","id":87,"arcs":[[-361,-233,371,372,373]],"properties":{"FireCoType":"E","FireCoNum":287,"FireBN":46,"FireDiv":14,"Shape_Leng":23892.2941762,"Shape_Area":29832496.9475}},{"type":"Polygon","id":88,"arcs":[[-374,374,375,-365,-362]],"properties":{"FireCoType":"E","FireCoNum":289,"FireBN":46,"FireDiv":14,"Shape_Leng":16358.1605439,"Shape_Area":16317342.5467}},{"type":"MultiPolygon","id":89,"arcs":[[[376,377,378,379,380]]],"properties":{"FireCoType":"E","FireCoNum":230,"FireBN":57,"FireDiv":11,"Shape_Leng":18452.2276675,"Shape_Area":12326710.9625}},{"type":"Polygon","id":90,"arcs":[[381,382,383,384,385,386]],"properties":{"FireCoType":"L","FireCoNum":126,"FireBN":50,"FireDiv":13,"Shape_Leng":29868.5167904,"Shape_Area":37343712.5547}},{"type":"Polygon","id":91,"arcs":[[387,388,389,390,-252]],"properties":{"FireCoType":"L","FireCoNum":125,"FireBN":50,"FireDiv":13,"Shape_Leng":31128.1787199,"Shape_Area":45392361.8884}},{"type":"Polygon","id":92,"arcs":[[391,392,393,394]],"properties":{"FireCoType":"L","FireCoNum":106,"FireBN":28,"FireDiv":11,"Shape_Leng":24224.7837119,"Shape_Area":15948039.4683}},{"type":"Polygon","id":93,"arcs":[[-192,395,396,397]],"properties":{"FireCoType":"L","FireCoNum":158,"FireBN":54,"FireDiv":13,"Shape_Leng":21233.0378661,"Shape_Area":26976269.3096}},{"type":"Polygon","id":94,"arcs":[[-397,398,-244,-112,399]],"properties":{"FireCoType":"E","FireCoNum":317,"FireBN":54,"FireDiv":13,"Shape_Leng":21839.6422203,"Shape_Area":27339582.1165}},{"type":"Polygon","id":95,"arcs":[[400,-387,401,402,-250,-246]],"properties":{"FireCoType":"E","FireCoNum":303,"FireBN":50,"FireDiv":13,"Shape_Leng":23158.85333,"Shape_Area":28298384.1673}},{"type":"Polygon","id":96,"arcs":[[403,-303,404,405,-186]],"properties":{"FireCoType":"E","FireCoNum":281,"FireBN":41,"FireDiv":15,"Shape_Leng":21067.2595129,"Shape_Area":20719550.59}},{"type":"Polygon","id":97,"arcs":[[406,-118,-304,-404,-185]],"properties":{"FireCoType":"L","FireCoNum":157,"FireBN":41,"FireDiv":15,"Shape_Leng":25767.5635277,"Shape_Area":22813054.563}},{"type":"Polygon","id":98,"arcs":[[407,408,409,410]],"properties":{"FireCoType":"L","FireCoNum":16,"FireBN":10,"FireDiv":3,"Shape_Leng":12307.7374057,"Shape_Area":9441282.70893}},{"type":"Polygon","id":99,"arcs":[[-372,-232,-229,411,412,413]],"properties":{"FireCoType":"Q","FireCoNum":288,"FireBN":46,"FireDiv":14,"Shape_Leng":28586.7472415,"Shape_Area":37643581.1816}},{"type":"Polygon","id":100,"arcs":[[414,415,416,417,418,419,-224,-227,-69]],"properties":{"FireCoType":"E","FireCoNum":286,"FireBN":51,"FireDiv":13,"Shape_Leng":36892.5336666,"Shape_Area":49288885.0852}},{"type":"Polygon","id":101,"arcs":[[420,421,422,423,424,-378]],"properties":{"FireCoType":"E","FireCoNum":211,"FireBN":31,"FireDiv":11,"Shape_Leng":14172.2025545,"Shape_Area":8676074.50805}},{"type":"Polygon","id":102,"arcs":[[425,426,-271,427,428]],"properties":{"FireCoType":"E","FireCoNum":67,"FireBN":13,"FireDiv":7,"Shape_Leng":18039.0372767,"Shape_Area":14193875.3782}},{"type":"Polygon","id":103,"arcs":[[429,430,431,432,433,434]],"properties":{"FireCoType":"L","FireCoNum":80,"FireBN":22,"FireDiv":8,"Shape_Leng":23805.2779663,"Shape_Area":18809272.0142}},{"type":"Polygon","id":104,"arcs":[[435,436,437,438]],"properties":{"FireCoType":"E","FireCoNum":264,"FireBN":47,"FireDiv":13,"Shape_Leng":15797.4964968,"Shape_Area":16849985.9737}},{"type":"Polygon","id":105,"arcs":[[439,440,441,442]],"properties":{"FireCoType":"L","FireCoNum":59,"FireBN":19,"FireDiv":7,"Shape_Leng":12118.4572876,"Shape_Area":5581490.24975}},{"type":"Polygon","id":106,"arcs":[[-307,443,444,445,446]],"properties":{"FireCoType":"E","FireCoNum":63,"FireBN":15,"FireDiv":7,"Shape_Leng":24297.2591309,"Shape_Area":18429881.6986}},{"type":"Polygon","id":107,"arcs":[[447,448,449,450,451,-393]],"properties":{"FireCoType":"E","FireCoNum":229,"FireBN":35,"FireDiv":11,"Shape_Leng":14852.0843955,"Shape_Area":8561866.71939}},{"type":"Polygon","id":108,"arcs":[[452,453,454,455,456,457,458,459]],"properties":{"FireCoType":"E","FireCoNum":206,"FireBN":28,"FireDiv":11,"Shape_Leng":30274.0392165,"Shape_Area":15192703.0174}},{"type":"Polygon","id":109,"arcs":[[-458,460,461,-450,462]],"properties":{"FireCoType":"E","FireCoNum":216,"FireBN":35,"FireDiv":11,"Shape_Leng":13271.0887353,"Shape_Area":9463203.95071}},{"type":"Polygon","id":110,"arcs":[[463,464,465,466,467,468,-310]],"properties":{"FireCoType":"E","FireCoNum":280,"FireBN":38,"FireDiv":15,"Shape_Leng":17705.6117722,"Shape_Area":18278935.987}},{"type":"Polygon","id":111,"arcs":[[469,470,471,472,473,474]],"properties":{"FireCoType":"L","FireCoNum":41,"FireBN":20,"FireDiv":7,"Shape_Leng":18278.1700712,"Shape_Area":15070222.4027}},{"type":"Polygon","id":112,"arcs":[[475,-366,-376,476,477,478]],"properties":{"FireCoType":"L","FireCoNum":154,"FireBN":49,"FireDiv":14,"Shape_Leng":29041.05438,"Shape_Area":18394190.6215}},{"type":"MultiPolygon","id":113,"arcs":[[[479,480,481,482,483,-161,-40,-174,484,485],[486]]],"properties":{"FireCoType":"E","FireCoNum":290,"FireBN":39,"FireDiv":15,"Shape_Leng":139539.162629,"Shape_Area":78967775.4549}},{"type":"Polygon","id":114,"arcs":[[487,488,489]],"properties":{"FireCoType":"L","FireCoNum":101,"FireBN":32,"FireDiv":11,"Shape_Leng":38512.8875058,"Shape_Area":12675904.0404}},{"type":"Polygon","id":115,"arcs":[[490,491,492,493,-337]],"properties":{"FireCoType":"E","FireCoNum":5,"FireBN":6,"FireDiv":1,"Shape_Leng":14837.9875468,"Shape_Area":9689416.27497}},{"type":"Polygon","id":116,"arcs":[[494,495,-492,496]],"properties":{"FireCoType":"L","FireCoNum":11,"FireBN":4,"FireDiv":1,"Shape_Leng":16071.9420211,"Shape_Area":9800928.68871}},{"type":"Polygon","id":117,"arcs":[[497,-488,498,499]],"properties":{"FireCoType":"L","FireCoNum":131,"FireBN":32,"FireDiv":11,"Shape_Leng":25711.9144418,"Shape_Area":12708287.5414}},{"type":"Polygon","id":118,"arcs":[[-325,-331,500,-440,501,-98]],"properties":{"FireCoType":"E","FireCoNum":42,"FireBN":19,"FireDiv":7,"Shape_Leng":11419.4335407,"Shape_Area":6258165.3283}},{"type":"Polygon","id":119,"arcs":[[502,503,-82,504]],"properties":{"FireCoType":"E","FireCoNum":22,"FireBN":10,"FireDiv":3,"Shape_Leng":20061.338046,"Shape_Area":13468030.8306}},{"type":"Polygon","id":120,"arcs":[[505,506,-505,-86,507,508]],"properties":{"FireCoType":"L","FireCoNum":13,"FireBN":10,"FireDiv":3,"Shape_Leng":19238.5278726,"Shape_Area":12128216.8177}},{"type":"Polygon","id":121,"arcs":[[509,510,511,512,513,514,515,516,517]],"properties":{"FireCoType":"L","FireCoNum":47,"FireBN":3,"FireDiv":6,"Shape_Leng":29597.4452724,"Shape_Area":36498619.4082}},{"type":"Polygon","id":122,"arcs":[[518,519,520,-470,521,522]],"properties":{"FireCoType":"L","FireCoNum":50,"FireBN":20,"FireDiv":7,"Shape_Leng":28399.3930513,"Shape_Area":24879510.5517}},{"type":"Polygon","id":123,"arcs":[[523,524,525,526]],"properties":{"FireCoType":"L","FireCoNum":77,"FireBN":21,"FireDiv":8,"Shape_Leng":28959.2674936,"Shape_Area":15574011.8301}},{"type":"Polygon","id":124,"arcs":[[-527,527,528,529,530,531]],"properties":{"FireCoType":"L","FireCoNum":78,"FireBN":21,"FireDiv":8,"Shape_Leng":36797.4741368,"Shape_Area":17871716.9404}},{"type":"MultiPolygon","id":125,"arcs":[[[532,533,534,535,536]]],"properties":{"FireCoType":"E","FireCoNum":66,"FireBN":15,"FireDiv":7,"Shape_Leng":39349.662313,"Shape_Area":45103533.7337}},{"type":"MultiPolygon","id":126,"arcs":[[[-536,537,538,-305,539]]],"properties":{"FireCoType":"L","FireCoNum":61,"FireBN":15,"FireDiv":7,"Shape_Leng":42315.5438247,"Shape_Area":26595248.2016}},{"type":"Polygon","id":127,"arcs":[[-439,540,541]],"properties":{"FireCoType":"E","FireCoNum":328,"FireBN":47,"FireDiv":13,"Shape_Leng":27280.9400172,"Shape_Area":17569728.6645}},{"type":"Polygon","id":128,"arcs":[[542,543,544,-417,545]],"properties":{"FireCoType":"E","FireCoNum":332,"FireBN":44,"FireDiv":15,"Shape_Leng":16610.4211996,"Shape_Area":12912811.7201}},{"type":"Polygon","id":129,"arcs":[[546,547,548,-471,-521]],"properties":{"FireCoType":"E","FireCoNum":64,"FireBN":3,"FireDiv":6,"Shape_Leng":23700.95223,"Shape_Area":24225816.2771}},{"type":"Polygon","id":130,"arcs":[[-549,-515,549,550,551,552,-472]],"properties":{"FireCoType":"E","FireCoNum":90,"FireBN":20,"FireDiv":7,"Shape_Leng":23838.1999177,"Shape_Area":13733015.1382}},{"type":"Polygon","id":131,"arcs":[[553,554,-235,-360,555]],"properties":{"FireCoType":"L","FireCoNum":151,"FireBN":50,"FireDiv":13,"Shape_Leng":27854.9557482,"Shape_Area":24910230.1245}},{"type":"Polygon","id":132,"arcs":[[-130,556,-188,557,-312]],"properties":{"FireCoType":"E","FireCoNum":248,"FireBN":41,"FireDiv":15,"Shape_Leng":21875.0800304,"Shape_Area":19249331.4294}},{"type":"Polygon","id":133,"arcs":[[-367,558,559,560,561,562]],"properties":{"FireCoType":"L","FireCoNum":164,"FireBN":53,"FireDiv":14,"Shape_Leng":21645.8938827,"Shape_Area":28050363.0531}},{"type":"Polygon","id":134,"arcs":[[-495,563,564,565,566,567]],"properties":{"FireCoType":"E","FireCoNum":28,"FireBN":4,"FireDiv":1,"Shape_Leng":15223.7837944,"Shape_Area":7300907.4258}},{"type":"Polygon","id":135,"arcs":[[568,569,-146,570,-565]],"properties":{"FireCoType":"L","FireCoNum":18,"FireBN":4,"FireDiv":1,"Shape_Leng":15740.80113,"Shape_Area":10311178.1582}},{"type":"Polygon","id":136,"arcs":[[571,572,-99,-502,-443,573,574]],"properties":{"FireCoType":"E","FireCoNum":43,"FireBN":19,"FireDiv":7,"Shape_Leng":14744.6124694,"Shape_Area":6053212.0534}},{"type":"Polygon","id":137,"arcs":[[-357,575,-236,-555]],"properties":{"FireCoType":"E","FireCoNum":305,"FireBN":50,"FireDiv":13,"Shape_Leng":28295.5834347,"Shape_Area":36997302.379}},{"type":"Polygon","id":138,"arcs":[[-356,-154,-415,-71,576,577,-231,-576]],"properties":{"FireCoType":"E","FireCoNum":319,"FireBN":46,"FireDiv":14,"Shape_Leng":37422.3636436,"Shape_Area":50245924.118}},{"type":"Polygon","id":139,"arcs":[[-388,-251,-403,578,-354,579]],"properties":{"FireCoType":"E","FireCoNum":298,"FireBN":50,"FireDiv":13,"Shape_Leng":24346.5123791,"Shape_Area":14742028.8618}},{"type":"Polygon","id":140,"arcs":[[-580,-358,-554,580,581,-389]],"properties":{"FireCoType":"E","FireCoNum":315,"FireBN":50,"FireDiv":13,"Shape_Leng":29764.8825034,"Shape_Area":37745285.0297}},{"type":"Polygon","id":141,"arcs":[[-545,582,583,-485,-176,584,-418]],"properties":{"FireCoType":"L","FireCoNum":175,"FireBN":44,"FireDiv":15,"Shape_Leng":20604.9189745,"Shape_Area":14280072.5184}},{"type":"Polygon","id":142,"arcs":[[585,586,-282,587,-168]],"properties":{"FireCoType":"E","FireCoNum":242,"FireBN":42,"FireDiv":8,"Shape_Leng":27660.8879121,"Shape_Area":41557015.0223}},{"type":"Polygon","id":143,"arcs":[[588,589,-353,-205,-143]],"properties":{"FireCoType":"E","FireCoNum":9,"FireBN":4,"FireDiv":1,"Shape_Leng":10796.5080834,"Shape_Area":5715959.26754}},{"type":"Polygon","id":144,"arcs":[[590,591,592,-333]],"properties":{"FireCoType":"E","FireCoNum":165,"FireBN":23,"FireDiv":8,"Shape_Leng":34351.9033913,"Shape_Area":54629589.002}},{"type":"Polygon","id":145,"arcs":[[593,-80,-274,594]],"properties":{"FireCoType":"L","FireCoNum":118,"FireBN":32,"FireDiv":11,"Shape_Leng":12567.8573513,"Shape_Area":7354533.80046}},{"type":"Polygon","id":146,"arcs":[[595,-335,596,597,598,599]],"properties":{"FireCoType":"L","FireCoNum":81,"FireBN":21,"FireDiv":8,"Shape_Leng":42316.6735034,"Shape_Area":55069751.8255}},{"type":"Polygon","id":147,"arcs":[[600,601,602,603,604,605]],"properties":{"FireCoType":"L","FireCoNum":83,"FireBN":22,"FireDiv":8,"Shape_Leng":26536.9607113,"Shape_Area":37251229.2911}},{"type":"Polygon","id":149,"arcs":[[606,607,-314]],"properties":{"FireCoType":"L","FireCoNum":15,"FireBN":1,"FireDiv":1,"Shape_Leng":17418.0412628,"Shape_Area":4816995.29182}},{"type":"Polygon","id":150,"arcs":[[-180,608,609,-280,-23]],"properties":{"FireCoType":"L","FireCoNum":161,"FireBN":43,"FireDiv":8,"Shape_Leng":26054.1029801,"Shape_Area":23249989.5503}},{"type":"Polygon","id":151,"arcs":[[-610,610,611,612,613,-615,615,-277]],"properties":{"FireCoType":"L","FireCoNum":166,"FireBN":43,"FireDiv":8,"Shape_Leng":56011.2785471,"Shape_Area":29069347.2666}},{"type":"Polygon","id":152,"arcs":[[616,617,618,-501,-330]],"properties":{"FireCoType":"L","FireCoNum":44,"FireBN":17,"FireDiv":6,"Shape_Leng":14160.1872405,"Shape_Area":9649903.8337}},{"type":"Polygon","id":153,"arcs":[[-619,619,620,-441]],"properties":{"FireCoType":"L","FireCoNum":49,"FireBN":17,"FireDiv":6,"Shape_Leng":14603.9870296,"Shape_Area":10565858.4722}},{"type":"Polygon","id":154,"arcs":[[621,622,-546,-416,-153,-171]],"properties":{"FireCoType":"E","FireCoNum":236,"FireBN":39,"FireDiv":15,"Shape_Leng":21731.4945902,"Shape_Area":23273981.7531}},{"type":"Polygon","id":155,"arcs":[[-496,-568,623,624,625]],"properties":{"FireCoType":"E","FireCoNum":33,"FireBN":6,"FireDiv":1,"Shape_Leng":11604.3430193,"Shape_Area":5170864.2357}},{"type":"Polygon","id":156,"arcs":[[626,627,-256,-141,628,629,630]],"properties":{"FireCoType":"E","FireCoNum":54,"FireBN":9,"FireDiv":3,"Shape_Leng":21743.1237372,"Shape_Area":9072401.87071}},{"type":"Polygon","id":157,"arcs":[[-626,631,632,633,-493]],"properties":{"FireCoType":"L","FireCoNum":3,"FireBN":6,"FireDiv":1,"Shape_Leng":10769.9550685,"Shape_Area":5125199.78375}},{"type":"Polygon","id":158,"arcs":[[-634,634,-264,-338,-494]],"properties":{"FireCoType":"E","FireCoNum":14,"FireBN":6,"FireDiv":1,"Shape_Leng":8598.39172708,"Shape_Area":3802284.35964}},{"type":"Polygon","id":159,"arcs":[[635,-193,-398,-400,-52]],"properties":{"FireCoType":"L","FireCoNum":165,"FireBN":54,"FireDiv":13,"Shape_Leng":28263.458462,"Shape_Area":44832418.122}},{"type":"Polygon","id":160,"arcs":[[-506,636,637,638]],"properties":{"FireCoType":"L","FireCoNum":43,"FireBN":10,"FireDiv":3,"Shape_Leng":15237.8915024,"Shape_Area":9631862.57286}},{"type":"Polygon","id":161,"arcs":[[639,640,641,642]],"properties":{"FireCoType":"L","FireCoNum":30,"FireBN":16,"FireDiv":6,"Shape_Leng":10593.8420128,"Shape_Area":5178899.01751}},{"type":"Polygon","id":162,"arcs":[[-541,-438,643,644,645,646]],"properties":{"FireCoType":"L","FireCoNum":134,"FireBN":47,"FireDiv":13,"Shape_Leng":27567.0226707,"Shape_Area":19036619.7519}},{"type":"Polygon","id":163,"arcs":[[647,648,-382,-401,-245,-399]],"properties":{"FireCoType":"L","FireCoNum":133,"FireBN":50,"FireDiv":13,"Shape_Leng":31429.86845,"Shape_Area":33393288.5229}},{"type":"Polygon","id":164,"arcs":[[649,650,651,652,653,654]],"properties":{"FireCoType":"L","FireCoNum":32,"FireBN":27,"FireDiv":7,"Shape_Leng":13587.3149838,"Shape_Area":10601579.1558}},{"type":"Polygon","id":165,"arcs":[[655,656,657,658,659,-603,660]],"properties":{"FireCoType":"L","FireCoNum":86,"FireBN":22,"FireDiv":8,"Shape_Leng":74390.0734156,"Shape_Area":141802556.195}},{"type":"Polygon","id":166,"arcs":[[661,662,663,664]],"properties":{"FireCoType":"E","FireCoNum":168,"FireBN":23,"FireDiv":8,"Shape_Leng":42553.7555362,"Shape_Area":62181212.7579}},{"type":"Polygon","id":167,"arcs":[[665,666,667]],"properties":{"FireCoType":"E","FireCoNum":152,"FireBN":21,"FireDiv":8,"Shape_Leng":33625.0644084,"Shape_Area":32836066.7167}},{"type":"Polygon","id":168,"arcs":[[668,669,670,671,672,-667,673]],"properties":{"FireCoType":"E","FireCoNum":153,"FireBN":21,"FireDiv":8,"Shape_Leng":26830.1907493,"Shape_Area":29214051.0216}},{"type":"Polygon","id":169,"arcs":[[674,675,676,677,678]],"properties":{"FireCoType":"L","FireCoNum":38,"FireBN":18,"FireDiv":7,"Shape_Leng":12856.4749978,"Shape_Area":9123808.73446}},{"type":"Polygon","id":170,"arcs":[[-676,-90,-327,679]],"properties":{"FireCoType":"L","FireCoNum":56,"FireBN":18,"FireDiv":7,"Shape_Leng":9239.60508474,"Shape_Area":4716869.00611}},{"type":"Polygon","id":171,"arcs":[[-531,680,681]],"properties":{"FireCoType":"E","FireCoNum":155,"FireBN":21,"FireDiv":8,"Shape_Leng":27596.4443673,"Shape_Area":20088877.5624}},{"type":"Polygon","id":172,"arcs":[[-681,-530,682,-601,683,684]],"properties":{"FireCoType":"E","FireCoNum":156,"FireBN":22,"FireDiv":8,"Shape_Leng":31421.0863073,"Shape_Area":41695754.5056}},{"type":"Polygon","id":173,"arcs":[[685,-198,-201,686]],"properties":{"FireCoType":"E","FireCoNum":228,"FireBN":40,"FireDiv":8,"Shape_Leng":37782.6160347,"Shape_Area":19499345.6425}},{"type":"Polygon","id":174,"arcs":[[-618,687,688,-620]],"properties":{"FireCoType":"E","FireCoNum":68,"FireBN":17,"FireDiv":6,"Shape_Leng":19737.3386447,"Shape_Area":13528819.5216}},{"type":"Polygon","id":175,"arcs":[[689,-72,690,691]],"properties":{"FireCoType":"E","FireCoNum":268,"FireBN":47,"FireDiv":13,"Shape_Leng":16336.7665319,"Shape_Area":12019386.8169}},{"type":"Polygon","id":176,"arcs":[[-486,-584,692]],"properties":{"FireCoType":"L","FireCoNum":103,"FireBN":39,"FireDiv":15,"Shape_Leng":26451.9223954,"Shape_Area":14325955.8917}},{"type":"Polygon","id":177,"arcs":[[693,694,-195,-686,695,-209]],"properties":{"FireCoType":"L","FireCoNum":122,"FireBN":48,"FireDiv":11,"Shape_Leng":33266.3847185,"Shape_Area":36928468.5944}},{"type":"Polygon","id":178,"arcs":[[-107,696,697,-405,-302]],"properties":{"FireCoType":"E","FireCoNum":250,"FireBN":41,"FireDiv":15,"Shape_Leng":16224.2271456,"Shape_Area":15146406.0858}},{"type":"Polygon","id":179,"arcs":[[-550,-514,698,699,700,701,-679,702]],"properties":{"FireCoType":"E","FireCoNum":45,"FireBN":18,"FireDiv":7,"Shape_Leng":19954.7076837,"Shape_Area":12422681.3038}},{"type":"Polygon","id":180,"arcs":[[703,704,-473,705,-703,-678,706]],"properties":{"FireCoType":"E","FireCoNum":88,"FireBN":18,"FireDiv":7,"Shape_Leng":22634.9908628,"Shape_Area":20990270.7711}},{"type":"Polygon","id":181,"arcs":[[707,708,709]],"properties":{"FireCoType":"E","FireCoNum":297,"FireBN":52,"FireDiv":14,"Shape_Leng":31659.8935739,"Shape_Area":24307216.0264}},{"type":"Polygon","id":182,"arcs":[[-606,710,711,-684]],"properties":{"FireCoType":"L","FireCoNum":79,"FireBN":22,"FireDiv":8,"Shape_Leng":25355.869898,"Shape_Area":17314522.2918}},{"type":"Polygon","id":183,"arcs":[[712,-697,-111,-196,-695,713]],"properties":{"FireCoType":"E","FireCoNum":240,"FireBN":48,"FireDiv":11,"Shape_Leng":22480.6882689,"Shape_Area":20381338.0522}},{"type":"MultiPolygon","id":184,"arcs":[[[714,715,716,-432]],[[-711,-605,717,-430,718]]],"properties":{"FireCoType":"E","FireCoNum":157,"FireBN":22,"FireDiv":8,"Shape_Leng":28118.0315274,"Shape_Area":17781228.9495}},{"type":"MultiPolygon","id":185,"arcs":[[[-660,719,-431,-718,-604]],[[720,721,-433,-717]]],"properties":{"FireCoType":"E","FireCoNum":166,"FireBN":22,"FireDiv":8,"Shape_Leng":43091.4633943,"Shape_Area":33567357.2993}},{"type":"Polygon","id":186,"arcs":[[722,723,724,-665,725,726,727]],"properties":{"FireCoType":"L","FireCoNum":84,"FireBN":23,"FireDiv":8,"Shape_Leng":55648.1675091,"Shape_Area":52862439.7182}},{"type":"Polygon","id":187,"arcs":[[728,-390,-582,729,730,-369,731]],"properties":{"FireCoType":"L","FireCoNum":152,"FireBN":52,"FireDiv":14,"Shape_Leng":37768.9889911,"Shape_Area":63443912.0732}},{"type":"Polygon","id":188,"arcs":[[732,733,734,-708,735]],"properties":{"FireCoType":"E","FireCoNum":295,"FireBN":52,"FireDiv":14,"Shape_Leng":50968.2640948,"Shape_Area":62531150.3592}},{"type":"Polygon","id":189,"arcs":[[736,737,738,-592]],"properties":{"FireCoType":"E","FireCoNum":162,"FireBN":23,"FireDiv":8,"Shape_Leng":77699.1419943,"Shape_Area":54869807.5646}},{"type":"Polygon","id":190,"arcs":[[-199,-14,739,740,-166,741]],"properties":{"FireCoType":"L","FireCoNum":114,"FireBN":40,"FireDiv":8,"Shape_Leng":29871.4867918,"Shape_Area":22365350.2835}},{"type":"Polygon","id":191,"arcs":[[742,-561,743,744]],"properties":{"FireCoType":"E","FireCoNum":313,"FireBN":53,"FireDiv":14,"Shape_Leng":38942.4505416,"Shape_Area":59099487.3965}},{"type":"Polygon","id":192,"arcs":[[745,746,747]],"properties":{"FireCoType":"E","FireCoNum":251,"FireBN":53,"FireDiv":14,"Shape_Leng":37690.4790553,"Shape_Area":78496234.6999}},{"type":"Polygon","id":193,"arcs":[[748,749,-562,-743,750,-747]],"properties":{"FireCoType":"L","FireCoNum":160,"FireBN":53,"FireDiv":14,"Shape_Leng":39406.0348924,"Shape_Area":52833858.5555}},{"type":"Polygon","id":194,"arcs":[[751,752,753,-173,754]],"properties":{"FireCoType":"E","FireCoNum":285,"FireBN":51,"FireDiv":13,"Shape_Leng":17329.2143554,"Shape_Area":14958452.2841}},{"type":"Polygon","id":195,"arcs":[[-298,-177,755,756,-275,-133]],"properties":{"FireCoType":"L","FireCoNum":123,"FireBN":38,"FireDiv":15,"Shape_Leng":15002.8346771,"Shape_Area":11939236.9673}},{"type":"Polygon","id":196,"arcs":[[-9,-276,-757,757,758,-175]],"properties":{"FireCoType":"L","FireCoNum":176,"FireBN":44,"FireDiv":15,"Shape_Leng":18458.1631204,"Shape_Area":11917436.4674}},{"type":"Polygon","id":197,"arcs":[[-85,759,760,761,-508]],"properties":{"FireCoType":"L","FireCoNum":22,"FireBN":11,"FireDiv":3,"Shape_Leng":13853.5979806,"Shape_Area":11654227.5514}},{"type":"Polygon","id":198,"arcs":[[-761,762,763,764,765]],"properties":{"FireCoType":"E","FireCoNum":76,"FireBN":11,"FireDiv":3,"Shape_Leng":13326.3801355,"Shape_Area":10632315.6069}},{"type":"Polygon","id":199,"arcs":[[-172,-156,-355,766,-755]],"properties":{"FireCoType":"E","FireCoNum":294,"FireBN":51,"FireDiv":13,"Shape_Leng":18368.1041884,"Shape_Area":15966895.8033}},{"type":"Polygon","id":200,"arcs":[[-752,-767,-579,-402,-386]],"properties":{"FireCoType":"Q","FireCoNum":270,"FireBN":50,"FireDiv":13,"Shape_Leng":17969.8990388,"Shape_Area":19998880.0323}},{"type":"Polygon","id":201,"arcs":[[767,768,769,770,771,772]],"properties":{"FireCoType":"L","FireCoNum":29,"FireBN":14,"FireDiv":6,"Shape_Leng":20072.8805237,"Shape_Area":15508213.7957}},{"type":"Polygon","id":202,"arcs":[[773,774,-772,-237,-93]],"properties":{"FireCoType":"L","FireCoNum":42,"FireBN":26,"FireDiv":6,"Shape_Leng":19961.5437092,"Shape_Area":11393436.3596}},{"type":"Polygon","id":203,"arcs":[[-587,775,-740,-13,-127,-283]],"properties":{"FireCoType":"E","FireCoNum":284,"FireBN":42,"FireDiv":8,"Shape_Leng":23403.1154652,"Shape_Area":25463569.7822}},{"type":"Polygon","id":204,"arcs":[[-776,-586,-167,-741]],"properties":{"FireCoType":"L","FireCoNum":109,"FireBN":40,"FireDiv":8,"Shape_Leng":20487.0675912,"Shape_Area":18954642.2798}},{"type":"Polygon","id":205,"arcs":[[776,-426,777,778]],"properties":{"FireCoType":"L","FireCoNum":45,"FireBN":13,"FireDiv":7,"Shape_Leng":16635.3724892,"Shape_Area":10295971.8805}},{"type":"MultiPolygon","id":206,"arcs":[[[779,-349,780,-27]]],"properties":{"FireCoType":"E","FireCoNum":260,"FireBN":45,"FireDiv":14,"Shape_Leng":41321.0286721,"Shape_Area":29646011.9922}},{"type":"Polygon","id":207,"arcs":[[-730,-581,-556,-359,781]],"properties":{"FireCoType":"E","FireCoNum":299,"FireBN":52,"FireDiv":14,"Shape_Leng":39130.2332562,"Shape_Area":70056171.8665}},{"type":"Polygon","id":208,"arcs":[[782,-29,783,-782,-364,-476,784,785],[786]],"properties":{"FireCoType":"L","FireCoNum":129,"FireBN":52,"FireDiv":14,"Shape_Leng":44780.2316079,"Shape_Area":48511292.3627}},{"type":"Polygon","id":209,"arcs":[[787,788,-423,789,790,-394]],"properties":{"FireCoType":"E","FireCoNum":221,"FireBN":35,"FireDiv":11,"Shape_Leng":18984.4627172,"Shape_Area":11600837.4072}},{"type":"MultiPolygon","id":210,"arcs":[[[-451,-462,791,-424,-789]]],"properties":{"FireCoType":"L","FireCoNum":104,"FireBN":35,"FireDiv":11,"Shape_Leng":16101.7521989,"Shape_Area":8105210.63356}},{"type":"Polygon","id":211,"arcs":[[792,-714,-694,-208,-216,793,-464]],"properties":{"FireCoType":"E","FireCoNum":220,"FireBN":48,"FireDiv":11,"Shape_Leng":26873.8073222,"Shape_Area":29827955.0697}},{"type":"Polygon","id":212,"arcs":[[-698,-713,-793,794,795,796,-313,-558,-187,-406]],"properties":{"FireCoType":"L","FireCoNum":147,"FireBN":41,"FireDiv":15,"Shape_Leng":21171.3991134,"Shape_Area":16492702.4861}},{"type":"MultiPolygon","id":213,"arcs":[[[-204,797,-148,-48]]],"properties":{"FireCoType":"E","FireCoNum":7,"FireBN":1,"FireDiv":1,"Shape_Leng":36953.213343,"Shape_Area":12206908.6892}},{"type":"Polygon","id":214,"arcs":[[798,799,-429,800,801,802,803]],"properties":{"FireCoType":"E","FireCoNum":93,"FireBN":13,"FireDiv":7,"Shape_Leng":19939.6323651,"Shape_Area":11785957.3208}},{"type":"Polygon","id":215,"arcs":[[804,-474,-705,805,-651,806,-538,-535]],"properties":{"FireCoType":"E","FireCoNum":97,"FireBN":15,"FireDiv":7,"Shape_Leng":23763.0513011,"Shape_Area":24190322.9377}},{"type":"Polygon","id":216,"arcs":[[-534,807,-522,-475,-805]],"properties":{"FireCoType":"Q","FireCoNum":61,"FireBN":20,"FireDiv":7,"Shape_Leng":19962.8325555,"Shape_Area":18992394.5142}},{"type":"MultiPolygon","id":217,"arcs":[[[808,-343,809,810,-640,811]]],"properties":{"FireCoType":"E","FireCoNum":35,"FireBN":12,"FireDiv":3,"Shape_Leng":42880.3083841,"Shape_Area":32373985.8067}},{"type":"Polygon","id":218,"arcs":[[-559,-371,812,813,-733,814,815]],"properties":{"FireCoType":"E","FireCoNum":320,"FireBN":53,"FireDiv":14,"Shape_Leng":38641.7507956,"Shape_Area":47428089.8536}},{"type":"MultiPolygon","id":220,"arcs":[[[816,817,818,-286,-293,-319]]],"properties":{"FireCoType":"E","FireCoNum":321,"FireBN":33,"FireDiv":15,"Shape_Leng":106882.38599,"Shape_Area":72440271.0893}},{"type":"Polygon","id":221,"arcs":[[-669,819,820,821,822,-683,823,-526]],"properties":{"FireCoType":"E","FireCoNum":160,"FireBN":21,"FireDiv":8,"Shape_Leng":43049.2445575,"Shape_Area":50413010.8431}},{"type":"Polygon","id":222,"arcs":[[824,-600,-820,-674,-666]],"properties":{"FireCoType":"E","FireCoNum":161,"FireBN":21,"FireDiv":8,"Shape_Leng":27402.0323722,"Shape_Area":29521605.2459}},{"type":"Polygon","id":223,"arcs":[[-109,-301,825,-21,-125,-128,-18]],"properties":{"FireCoType":"E","FireCoNum":330,"FireBN":42,"FireDiv":8,"Shape_Leng":24633.6751125,"Shape_Area":18880977.2174}},{"type":"Polygon","id":224,"arcs":[[-826,-300,-288,-181]],"properties":{"FireCoType":"L","FireCoNum":153,"FireBN":33,"FireDiv":15,"Shape_Leng":16611.0043389,"Shape_Area":15977183.0928}},{"type":"Polygon","id":225,"arcs":[[826,-499,-490,827,828]],"properties":{"FireCoType":"E","FireCoNum":202,"FireBN":32,"FireDiv":11,"Shape_Leng":21587.6474733,"Shape_Area":8786617.04981}},{"type":"Polygon","id":226,"arcs":[[-272,-78,829,-829,830]],"properties":{"FireCoType":"E","FireCoNum":224,"FireBN":32,"FireDiv":11,"Shape_Leng":23155.8680377,"Shape_Area":11006380.7822}},{"type":"Polygon","id":227,"arcs":[[-44,831,832,833,-835,-381,835,-2]],"properties":{"FireCoType":"L","FireCoNum":102,"FireBN":57,"FireDiv":11,"Shape_Leng":18438.5895596,"Shape_Area":13420012.4451}},{"type":"Polygon","id":228,"arcs":[[836,-480,-693,-583,-544,837]],"properties":{"FireCoType":"E","FireCoNum":225,"FireBN":39,"FireDiv":15,"Shape_Leng":29619.1449235,"Shape_Area":19349484.6255}},{"type":"Polygon","id":229,"arcs":[[838,-323,839,-269]],"properties":{"FireCoType":"L","FireCoNum":34,"FireBN":13,"FireDiv":7,"Shape_Leng":11231.2897352,"Shape_Area":6575086.97361}},{"type":"Polygon","id":230,"arcs":[[-637,-509,-762,-766,840]],"properties":{"FireCoType":"E","FireCoNum":53,"FireBN":10,"FireDiv":3,"Shape_Leng":21998.0791792,"Shape_Area":17787189.9237}},{"type":"Polygon","id":231,"arcs":[[-813,-370,-731,-784,-32,841]],"properties":{"FireCoType":"E","FireCoNum":274,"FireBN":52,"FireDiv":14,"Shape_Leng":31578.3007866,"Shape_Area":48928153.1414}},{"type":"Polygon","id":232,"arcs":[[842,843,844,845]],"properties":{"FireCoType":"E","FireCoNum":23,"FireBN":9,"FireDiv":3,"Shape_Leng":10918.80845,"Shape_Area":7123077.00992}},{"type":"Polygon","id":233,"arcs":[[-260,-257,-628,-843,846]],"properties":{"FireCoType":"L","FireCoNum":4,"FireBN":9,"FireDiv":3,"Shape_Leng":10313.2870466,"Shape_Area":5681211.44219}},{"type":"Polygon","id":234,"arcs":[[847,848,-379,-425,-792,-461,-457,849]],"properties":{"FireCoType":"L","FireCoNum":108,"FireBN":35,"FireDiv":11,"Shape_Leng":13310.6022397,"Shape_Area":7452838.65993}},{"type":"MultiPolygon","id":235,"arcs":[[[850,851,852,853,854,855,856,-720,-659,857]]],"properties":{"FireCoType":"E","FireCoNum":154,"FireBN":22,"FireDiv":8,"Shape_Leng":82881.0254117,"Shape_Area":132597481.83}},{"type":"Polygon","id":236,"arcs":[[858,-661,-602,-823]],"properties":{"FireCoType":"E","FireCoNum":163,"FireBN":22,"FireDiv":8,"Shape_Leng":47784.1131184,"Shape_Area":75608461.3753}},{"type":"Polygon","id":237,"arcs":[[859,860,861,-593,-739,862,863,864,865,-656,-859,-822]],"properties":{"FireCoType":"L","FireCoNum":85,"FireBN":23,"FireDiv":8,"Shape_Leng":59884.3757267,"Shape_Area":110533848.421}},{"type":"Polygon","id":238,"arcs":[[-351,-315,-608,866,867]],"properties":{"FireCoType":"E","FireCoNum":10,"FireBN":1,"FireDiv":1,"Shape_Leng":14161.9332729,"Shape_Area":6745050.84531}},{"type":"Polygon","id":239,"arcs":[[-798,-203,-352,-868,868,869,870]],"properties":{"FireCoType":"L","FireCoNum":10,"FireBN":1,"FireDiv":1,"Shape_Leng":14509.309923,"Shape_Area":5064269.27215}},{"type":"Polygon","id":240,"arcs":[[-477,-375,-373,-414,871,872,873,874]],"properties":{"FireCoType":"E","FireCoNum":292,"FireBN":46,"FireDiv":14,"Shape_Leng":22087.0998748,"Shape_Area":20935907.6957}},{"type":"Polygon","id":241,"arcs":[[875,876,-622,-170,-754,877]],"properties":{"FireCoType":"E","FireCoNum":331,"FireBN":51,"FireDiv":13,"Shape_Leng":23554.8088578,"Shape_Area":25626737.4706}},{"type":"Polygon","id":242,"arcs":[[-409,878,-845,879,880,881]],"properties":{"FireCoType":"E","FireCoNum":39,"FireBN":10,"FireDiv":3,"Shape_Leng":17230.4235956,"Shape_Area":16054467.1502}},{"type":"Polygon","id":243,"arcs":[[882,-410,-882,883,-504]],"properties":{"FireCoType":"E","FireCoNum":44,"FireBN":10,"FireDiv":3,"Shape_Leng":21147.8902045,"Shape_Area":14105176.5062}},{"type":"Polygon","id":244,"arcs":[[884,885,-884,886,887]],"properties":{"FireCoType":"L","FireCoNum":25,"FireBN":11,"FireDiv":3,"Shape_Leng":14168.3741768,"Shape_Area":9086958.9506}},{"type":"Polygon","id":245,"arcs":[[888,889,890,891,892,-771]],"properties":{"FireCoType":"E","FireCoNum":83,"FireBN":14,"FireDiv":6,"Shape_Leng":12118.2100239,"Shape_Area":8651186.70515}},{"type":"Polygon","id":246,"arcs":[[-241,-890,893,894,895,896,897]],"properties":{"FireCoType":"L","FireCoNum":17,"FireBN":14,"FireDiv":6,"Shape_Leng":14462.2038872,"Shape_Area":10007068.2902}},{"type":"Polygon","id":247,"arcs":[[-242,-898,898,-688,-617,-329,899],[900],[901]],"properties":{"FireCoType":"E","FireCoNum":71,"FireBN":14,"FireDiv":6,"Shape_Leng":23108.9427119,"Shape_Area":13128572.5013}},{"type":"Polygon","id":248,"arcs":[[-240,902,903,904,-900,-328,-136,-62]],"properties":{"FireCoType":"L","FireCoNum":55,"FireBN":14,"FireDiv":6,"Shape_Leng":13107.4591506,"Shape_Area":6900480.29799}},{"type":"Polygon","id":249,"arcs":[[-655,905,-445,906]],"properties":{"FireCoType":"E","FireCoNum":62,"FireBN":27,"FireDiv":7,"Shape_Leng":14851.965017,"Shape_Area":13196099.1656}},{"type":"Polygon","id":250,"arcs":[[-539,-807,-650,-907,-444,-306]],"properties":{"FireCoType":"L","FireCoNum":51,"FireBN":15,"FireDiv":7,"Shape_Leng":26446.4518417,"Shape_Area":21035713.6166}},{"type":"Polygon","id":251,"arcs":[[907,908,909,910]],"properties":{"FireCoType":"L","FireCoNum":52,"FireBN":27,"FireDiv":7,"Shape_Leng":26843.5397272,"Shape_Area":29023442.3624}},{"type":"Polygon","id":252,"arcs":[[911,912,913,914,-321]],"properties":{"FireCoType":"E","FireCoNum":80,"FireBN":16,"FireDiv":6,"Shape_Leng":17913.8613242,"Shape_Area":10503292.9577}},{"type":"Polygon","id":253,"arcs":[[-873,915,916,917]],"properties":{"FireCoType":"E","FireCoNum":325,"FireBN":49,"FireDiv":14,"Shape_Leng":15109.6109961,"Shape_Area":8899523.14351}},{"type":"Polygon","id":254,"arcs":[[918,-874,-918,919,920,921]],"properties":{"FireCoType":"L","FireCoNum":163,"FireBN":49,"FireDiv":14,"Shape_Leng":20460.2597965,"Shape_Area":21517053.2175}},{"type":"Polygon","id":255,"arcs":[[922,923,-345,924,-920,-917]],"properties":{"FireCoType":"L","FireCoNum":128,"FireBN":45,"FireDiv":14,"Shape_Leng":22650.7059931,"Shape_Area":20776023.7179}},{"type":"Polygon","id":256,"arcs":[[-413,925,926,-923,-916,-872]],"properties":{"FireCoType":"E","FireCoNum":259,"FireBN":45,"FireDiv":14,"Shape_Leng":29059.449517,"Shape_Area":37253805.2151}},{"type":"Polygon","id":257,"arcs":[[-412,-228,-222,-164,927,928,-926]],"properties":{"FireCoType":"E","FireCoNum":291,"FireBN":45,"FireDiv":14,"Shape_Leng":29879.4947699,"Shape_Area":25060059.8972}},{"type":"Polygon","id":258,"arcs":[[-567,929,930,931,-624]],"properties":{"FireCoType":"L","FireCoNum":9,"FireBN":6,"FireDiv":1,"Shape_Leng":9824.0484759,"Shape_Area":4319077.05879}},{"type":"Polygon","id":259,"arcs":[[932,933,934,935,936,937,-931]],"properties":{"FireCoType":"E","FireCoNum":24,"FireBN":2,"FireDiv":1,"Shape_Leng":11601.6653197,"Shape_Area":7026831.26514}},{"type":"Polygon","id":260,"arcs":[[-566,-571,-145,-50,-152,-933,-930]],"properties":{"FireCoType":"L","FireCoNum":20,"FireBN":2,"FireDiv":1,"Shape_Leng":11662.0035357,"Shape_Area":4362421.48745}},{"type":"Polygon","id":261,"arcs":[[-832,-43,-67,-466,938,939]],"properties":{"FireCoType":"E","FireCoNum":219,"FireBN":57,"FireDiv":11,"Shape_Leng":21119.7934986,"Shape_Area":15351867.9132}},{"type":"Polygon","id":262,"arcs":[[-738,940,941,942,943,944]],"properties":{"FireCoType":"L","FireCoNum":82,"FireBN":23,"FireDiv":8,"Shape_Leng":36376.6348084,"Shape_Area":41902519.1122}},{"type":"Polygon","id":263,"arcs":[[-758,945,946,-179,-5,-33,-218,947]],"properties":{"FireCoType":"E","FireCoNum":222,"FireBN":37,"FireDiv":15,"Shape_Leng":14060.2378489,"Shape_Area":10061237.8947}},{"type":"Polygon","id":264,"arcs":[[948,949,950,951,952,953,-642,954,-104,955,956]],"properties":{"FireCoType":"E","FireCoNum":37,"FireBN":11,"FireDiv":3,"Shape_Leng":13942.2515774,"Shape_Area":6012556.32543}},{"type":"Polygon","id":265,"arcs":[[957,-764,958,-914,-956,-103,959]],"properties":{"FireCoType":"E","FireCoNum":47,"FireBN":11,"FireDiv":3,"Shape_Leng":19356.2817208,"Shape_Area":16499885.0944}},{"type":"MultiPolygon","id":266,"arcs":[[[-434,-722,-853,960]]],"properties":{"FireCoType":"E","FireCoNum":158,"FireBN":22,"FireDiv":8,"Shape_Leng":59992.7438696,"Shape_Area":46370024.4925}},{"type":"Polygon","id":267,"arcs":[[-34,961,962,-836,-380,-849,963]],"properties":{"FireCoType":"E","FireCoNum":217,"FireBN":57,"FireDiv":11,"Shape_Leng":17583.0826662,"Shape_Area":9738318.94588}},{"type":"Polygon","id":268,"arcs":[[-848,964,-162,-221,-35,-964]],"properties":{"FireCoType":"E","FireCoNum":218,"FireBN":28,"FireDiv":11,"Shape_Leng":14031.6978178,"Shape_Area":8465307.34817}},{"type":"Polygon","id":269,"arcs":[[-965,-850,-456,-163]],"properties":{"FireCoType":"E","FireCoNum":237,"FireBN":28,"FireDiv":11,"Shape_Leng":13215.2937162,"Shape_Area":7258985.52082}},{"type":"Polygon","id":270,"arcs":[[965,-105,-955,-641,-811]],"properties":{"FireCoType":"L","FireCoNum":14,"FireBN":12,"FireDiv":3,"Shape_Leng":11136.7853092,"Shape_Area":6369567.12519}},{"type":"MultiPolygon","id":271,"arcs":[[[966,967,-692,968]]],"properties":{"FireCoType":"E","FireCoNum":266,"FireBN":47,"FireDiv":13,"Shape_Leng":126002.56594,"Shape_Area":68064445.2908}},{"type":"Polygon","id":272,"arcs":[[969,-613,970,-611,-609,-184,-284,971]],"properties":{"FireCoType":"E","FireCoNum":245,"FireBN":43,"FireDiv":8,"Shape_Leng":34563.7688412,"Shape_Area":31348145.6895}},{"type":"MultiPolygon","id":273,"arcs":[[[-725,972,973,-662]]],"properties":{"FireCoType":"L","FireCoNum":76,"FireBN":23,"FireDiv":8,"Shape_Leng":53016.7786242,"Shape_Area":64500181.7349}},{"type":"MultiPolygon","id":274,"arcs":[[[974,975,-511]],[[976,-699,-513]]],"properties":{"FireCoType":"E","FireCoNum":96,"FireBN":3,"FireDiv":6,"Shape_Leng":34219.6886192,"Shape_Area":20809291.3986}},{"type":"Polygon","id":275,"arcs":[[-785,-479,977,978,979]],"properties":{"FireCoType":"E","FireCoNum":316,"FireBN":49,"FireDiv":14,"Shape_Leng":64168.4830962,"Shape_Area":68014209.8486}},{"type":"Polygon","id":276,"arcs":[[980,981,982,983,-512,-976,984,985,986,-700,987]],"properties":{"FireCoType":"L","FireCoNum":54,"FireBN":3,"FireDiv":6,"Shape_Leng":40067.0161081,"Shape_Area":31391651.0924}},{"type":"Polygon","id":277,"arcs":[[-889,-770,988,989]],"properties":{"FireCoType":"E","FireCoNum":60,"FireBN":14,"FireDiv":6,"Shape_Leng":14230.4219527,"Shape_Area":10238457.1144}},{"type":"Polygon","id":278,"arcs":[[990,-880,-844,-627,991]],"properties":{"FireCoType":"E","FireCoNum":40,"FireBN":9,"FireDiv":3,"Shape_Leng":21989.9041662,"Shape_Area":10314691.4691}},{"type":"Polygon","id":279,"arcs":[[-887,-881,-991,992]],"properties":{"FireCoType":"L","FireCoNum":35,"FireBN":9,"FireDiv":3,"Shape_Leng":16461.4624247,"Shape_Area":11165073.5607}},{"type":"Polygon","id":280,"arcs":[[993,-448,-392,994]],"properties":{"FireCoType":"E","FireCoNum":238,"FireBN":28,"FireDiv":11,"Shape_Leng":19700.8883808,"Shape_Area":11532175.498}},{"type":"Polygon","id":281,"arcs":[[-459,-463,-449,-994,995]],"properties":{"FireCoType":"L","FireCoNum":146,"FireBN":35,"FireDiv":11,"Shape_Leng":20659.6745188,"Shape_Area":21775802.1917}},{"type":"Polygon","id":282,"arcs":[[996,997,998,-265,-635,-633]],"properties":{"FireCoType":"L","FireCoNum":12,"FireBN":7,"FireDiv":1,"Shape_Leng":8918.24933676,"Shape_Area":4742553.60097}},{"type":"Polygon","id":283,"arcs":[[-259,999,-266,-999,1000,-58,-140,-255]],"properties":{"FireCoType":"L","FireCoNum":24,"FireBN":7,"FireDiv":1,"Shape_Leng":14216.5135146,"Shape_Area":5829714.06623}},{"type":"Polygon","id":284,"arcs":[[-938,1001,1002,-997,-632,-625,-932]],"properties":{"FireCoType":"Q","FireCoNum":18,"FireBN":2,"FireDiv":1,"Shape_Leng":10325.1111689,"Shape_Area":4664728.03394}},{"type":"Polygon","id":285,"arcs":[[1003,1004,-1001,-998,-1003,1005,1006,1007,1008]],"properties":{"FireCoType":"E","FireCoNum":3,"FireBN":7,"FireDiv":1,"Shape_Leng":23449.2059771,"Shape_Area":8418482.293}},{"type":"Polygon","id":286,"arcs":[[-1002,-937,1009,-1006]],"properties":{"FireCoType":"L","FireCoNum":5,"FireBN":2,"FireDiv":1,"Shape_Leng":17153.8554024,"Shape_Area":6532154.11793}},{"type":"Polygon","id":287,"arcs":[[-759,-948,-217,1010,-419,-585]],"properties":{"FireCoType":"E","FireCoNum":233,"FireBN":44,"FireDiv":15,"Shape_Leng":22226.5580988,"Shape_Area":15235120.9495}},{"type":"Polygon","id":288,"arcs":[[-220,-225,-420,-1011]],"properties":{"FireCoType":"Q","FireCoNum":252,"FireBN":37,"FireDiv":15,"Shape_Leng":12135.2944138,"Shape_Area":7309161.90948}},{"type":"Polygon","id":289,"arcs":[[-478,-875,-919,1011,1012,-978]],"properties":{"FireCoType":"E","FireCoNum":307,"FireBN":49,"FireDiv":14,"Shape_Leng":21336.8394507,"Shape_Area":24756158.0714}},{"type":"Polygon","id":290,"arcs":[[1013,-211,1014,-500,-827,-830]],"properties":{"FireCoType":"E","FireCoNum":279,"FireBN":32,"FireDiv":11,"Shape_Leng":17538.9803764,"Shape_Area":9451799.1733}},{"type":"Polygon","id":291,"arcs":[[1015,1016,1017,1018,1019]],"properties":{"FireCoType":"E","FireCoNum":72,"FireBN":20,"FireDiv":7,"Shape_Leng":80395.1816356,"Shape_Area":77781286.1313}},{"type":"Polygon","id":292,"arcs":[[-1020,-523,-808,-533,1020]],"properties":{"FireCoType":"E","FireCoNum":89,"FireBN":20,"FireDiv":7,"Shape_Leng":51360.6654559,"Shape_Area":44813738.5378}},{"type":"Polygon","id":293,"arcs":[[-589,-147,-570,1021]],"properties":{"FireCoType":"E","FireCoNum":15,"FireBN":4,"FireDiv":1,"Shape_Leng":14286.1507203,"Shape_Area":9036676.92082}},{"type":"Polygon","id":295,"arcs":[[-215,1022,1023,-939,-465,-794]],"properties":{"FireCoType":"L","FireCoNum":105,"FireBN":57,"FireDiv":11,"Shape_Leng":15533.4473254,"Shape_Area":11849546.9042}},{"type":"Polygon","id":296,"arcs":[[-1025,-834,1025,1026,-421,-377]],"properties":{"FireCoType":"L","FireCoNum":119,"FireBN":31,"FireDiv":11,"Shape_Leng":17816.3791949,"Shape_Area":11483840.2306}},{"type":"Polygon","id":297,"arcs":[[-833,-940,-1024,1027,1028,1029,-1026]],"properties":{"FireCoType":"E","FireCoNum":210,"FireBN":31,"FireDiv":11,"Shape_Leng":22117.9188778,"Shape_Area":14753958.8532}},{"type":"Polygon","id":298,"arcs":[[-1023,-214,-212,-1014,-77,1030,-1028]],"properties":{"FireCoType":"E","FireCoNum":226,"FireBN":31,"FireDiv":11,"Shape_Leng":18118.1303232,"Shape_Area":10120282.2663}},{"type":"MultiPolygon","id":299,"arcs":[[[-1029,-1031,-76]],[[-81,-594,1031,-790,-422,-1027,-1030]]],"properties":{"FireCoType":"E","FireCoNum":207,"FireBN":31,"FireDiv":11,"Shape_Leng":51718.0097949,"Shape_Area":15966297.1513}},{"type":"Polygon","id":300,"arcs":[[-344,-780,-26,1032,-921,-925]],"properties":{"FireCoType":"L","FireCoNum":116,"FireBN":45,"FireDiv":14,"Shape_Leng":14848.2426692,"Shape_Area":12869602.094}},{"type":"Polygon","id":301,"arcs":[[-1012,-922,-1033,-25,1033]],"properties":{"FireCoType":"L","FireCoNum":117,"FireBN":49,"FireDiv":14,"Shape_Leng":19068.3870282,"Shape_Area":21397371.0187}},{"type":"Polygon","id":302,"arcs":[[-744,-560,-816,1034]],"properties":{"FireCoType":"E","FireCoNum":306,"FireBN":53,"FireDiv":14,"Shape_Leng":44473.226511,"Shape_Area":52557674.5326}},{"type":"Polygon","id":303,"arcs":[[1035,-30,-783,1036,-709,-735]],"properties":{"FireCoType":"L","FireCoNum":130,"FireBN":52,"FireDiv":14,"Shape_Leng":39702.6777092,"Shape_Area":34674513.2297}},{"type":"Polygon","id":304,"arcs":[[-842,-31,-1036,-734,-814]],"properties":{"FireCoType":"L","FireCoNum":144,"FireBN":52,"FireDiv":14,"Shape_Leng":41697.5374285,"Shape_Area":59085501.1371}},{"type":"Polygon","id":305,"arcs":[[-911,1037,1038]],"properties":{"FireCoType":"E","FireCoNum":52,"FireBN":27,"FireDiv":7,"Shape_Leng":36103.2047673,"Shape_Area":58851194.354}},{"type":"Polygon","id":306,"arcs":[[-943,1039,1040,1041,1042,1043]],"properties":{"FireCoType":"E","FireCoNum":167,"FireBN":23,"FireDiv":8,"Shape_Leng":37275.3282557,"Shape_Area":73138234.5585}},{"type":"Polygon","id":307,"arcs":[[-944,-1044,-727,1044,-657,-866]],"properties":{"FireCoType":"L","FireCoNum":87,"FireBN":23,"FireDiv":8,"Shape_Leng":64592.3811487,"Shape_Area":101361349.694}},{"type":"Polygon","id":308,"arcs":[[-159,1045,1046,-119,-407,-189,-557,-129]],"properties":{"FireCoType":"E","FireCoNum":310,"FireBN":58,"FireDiv":15,"Shape_Leng":23115.7322174,"Shape_Area":27246775.218}},{"type":"MultiPolygon","id":309,"arcs":[[[1047,-817,-318,-120,-1047,1048,1049],[1050]]],"properties":{"FireCoType":"E","FireCoNum":323,"FireBN":58,"FireDiv":15,"Shape_Leng":134144.616752,"Shape_Area":123916386.29}},{"type":"Polygon","id":310,"arcs":[[1051,-482,1052,-1049,-1046,-158,-484]],"properties":{"FireCoType":"L","FireCoNum":170,"FireBN":58,"FireDiv":15,"Shape_Leng":40789.4858782,"Shape_Area":70484696.8151}},{"type":"Polygon","id":311,"arcs":[[1053,1054,1055,1056,-838,-543,-623,-877]],"properties":{"FireCoType":"L","FireCoNum":107,"FireBN":39,"FireDiv":15,"Shape_Leng":41326.1039338,"Shape_Area":61163831.0667}},{"type":"MultiPolygon","id":312,"arcs":[[[1057,1058,-1056,1059,-1054,-876]]],"properties":{"FireCoType":"L","FireCoNum":173,"FireBN":51,"FireDiv":13,"Shape_Leng":68523.2131557,"Shape_Area":60794197.8276}},{"type":"Polygon","id":313,"arcs":[[1060,-92,1061,-986,1062]],"properties":{"FireCoType":"E","FireCoNum":94,"FireBN":3,"FireDiv":6,"Shape_Leng":27370.2557026,"Shape_Area":21918560.7164}},{"type":"Polygon","id":314,"arcs":[[1063,-774,-1061]],"properties":{"FireCoType":"L","FireCoNum":48,"FireBN":3,"FireDiv":6,"Shape_Leng":27745.7957879,"Shape_Area":20616404.5565}},{"type":"Polygon","id":315,"arcs":[[-1062,-95,-139,1064,-701,-987]],"properties":{"FireCoType":"E","FireCoNum":82,"FireBN":26,"FireDiv":6,"Shape_Leng":13625.9864139,"Shape_Area":10493250.043}},{"type":"Polygon","id":316,"arcs":[[-702,-1065,-138,-91,-675]],"properties":{"FireCoType":"L","FireCoNum":58,"FireBN":18,"FireDiv":7,"Shape_Leng":15599.5131603,"Shape_Area":11875540.5405}},{"type":"Polygon","id":317,"arcs":[[1065,1066,-967,1067]],"properties":{"FireCoType":"L","FireCoNum":121,"FireBN":47,"FireDiv":13,"Shape_Leng":43442.3494383,"Shape_Area":26796175.545}},{"type":"Polygon","id":318,"arcs":[[1068,-437,1069,-1066,1070]],"properties":{"FireCoType":"E","FireCoNum":265,"FireBN":47,"FireDiv":13,"Shape_Leng":45814.2985265,"Shape_Area":31709895.4725}},{"type":"Polygon","id":319,"arcs":[[1071,1072,-320,-839,-268,1073]],"properties":{"FireCoType":"E","FireCoNum":69,"FireBN":16,"FireDiv":6,"Shape_Leng":15391.3020007,"Shape_Area":8403724.74949}},{"type":"Polygon","id":320,"arcs":[[-812,-643,-954,1074,-1072,1075]],"properties":{"FireCoType":"E","FireCoNum":59,"FireBN":16,"FireDiv":6,"Shape_Leng":16749.8440841,"Shape_Area":9958497.56861}},{"type":"Polygon","id":321,"arcs":[[-1075,-953,-912,-1073]],"properties":{"FireCoType":"L","FireCoNum":28,"FireBN":16,"FireDiv":6,"Shape_Leng":8185.57892306,"Shape_Area":3653774.52375}},{"type":"Polygon","id":322,"arcs":[[-191,1076,1077,-648,-396]],"properties":{"FireCoType":"E","FireCoNum":311,"FireBN":54,"FireDiv":13,"Shape_Leng":31279.1402678,"Shape_Area":45544284.2591}},{"type":"Polygon","id":323,"arcs":[[-1078,1078,-383,-649]],"properties":{"FireCoType":"L","FireCoNum":155,"FireBN":54,"FireDiv":13,"Shape_Leng":25403.5635208,"Shape_Area":35154726.0997}},{"type":"MultiPolygon","id":324,"arcs":[[[-1077,-190,1079,-1058,1080,-384,-1079]]],"properties":{"FireCoType":"E","FireCoNum":302,"FireBN":54,"FireDiv":13,"Shape_Leng":181281.8714,"Shape_Area":277275923.006}},{"type":"Polygon","id":325,"arcs":[[1081,-878,-753,-385,1082]],"properties":{"FireCoType":"E","FireCoNum":308,"FireBN":51,"FireDiv":13,"Shape_Leng":21880.6422842,"Shape_Area":30590511.9509}},{"type":"Polygon","id":326,"arcs":[[1083,-960,-106,-966,-810,-342]],"properties":{"FireCoType":"E","FireCoNum":58,"FireBN":12,"FireDiv":3,"Shape_Leng":11179.8874289,"Shape_Area":6691898.37519}},{"type":"Polygon","id":327,"arcs":[[-341,1084,-638,-841,-765,-958,-1084]],"properties":{"FireCoType":"E","FireCoNum":91,"FireBN":12,"FireDiv":3,"Shape_Leng":21916.7941901,"Shape_Area":11312591.3874}},{"type":"Polygon","id":328,"arcs":[[1085,1086,1087,-908,-1039,1088,1089]],"properties":{"FireCoType":"L","FireCoNum":46,"FireBN":19,"FireDiv":7,"Shape_Leng":41122.5138488,"Shape_Area":46977682.3326}},{"type":"Polygon","id":329,"arcs":[[-707,-677,-680,-326,-96,1090,1091]],"properties":{"FireCoType":"E","FireCoNum":48,"FireBN":18,"FireDiv":7,"Shape_Leng":21125.3165924,"Shape_Area":12726277.1127}},{"type":"Polygon","id":330,"arcs":[[-1091,-102,1092,-1087,1093]],"properties":{"FireCoType":"E","FireCoNum":79,"FireBN":27,"FireDiv":7,"Shape_Leng":14310.2485176,"Shape_Area":11667235.1463}},{"type":"Polygon","id":331,"arcs":[[-100,1094,1095,1096,1097,1098]],"properties":{"FireCoType":"E","FireCoNum":75,"FireBN":19,"FireDiv":7,"Shape_Leng":16516.0827475,"Shape_Area":11228357.6119}},{"type":"Polygon","id":332,"arcs":[[-806,-704,-1092,-1094,-1086,1099,1100]],"properties":{"FireCoType":"L","FireCoNum":37,"FireBN":27,"FireDiv":7,"Shape_Leng":25743.08137,"Shape_Area":34390126.0055}},{"type":"Polygon","id":333,"arcs":[[-446,-906,-1100,-1090,1101]],"properties":{"FireCoType":"L","FireCoNum":39,"FireBN":15,"FireDiv":7,"Shape_Leng":41657.60229,"Shape_Area":46041410.4142}},{"type":"Polygon","id":334,"arcs":[[-1093,-101,1102,1103,-909,-1088]],"properties":{"FireCoType":"E","FireCoNum":81,"FireBN":19,"FireDiv":7,"Shape_Leng":24021.4948577,"Shape_Area":19682304.1807}},{"type":"Polygon","id":335,"arcs":[[1104,1105,-261,1106]],"properties":{"FireCoType":"E","FireCoNum":21,"FireBN":8,"FireDiv":3,"Shape_Leng":11524.3973519,"Shape_Area":7179802.38614}},{"type":"Polygon","id":336,"arcs":[[-339,-1000,-262,1107,1108,1109]],"properties":{"FireCoType":"L","FireCoNum":7,"FireBN":8,"FireDiv":3,"Shape_Leng":11408.7825611,"Shape_Area":5872419.76114}},{"type":"Polygon","id":337,"arcs":[[1110,-802,1111]],"properties":{"FireCoType":"E","FireCoNum":95,"FireBN":13,"FireDiv":7,"Shape_Leng":28710.8460139,"Shape_Area":21213736.5661}},{"type":"Polygon","id":338,"arcs":[[1112,1113,-723,-1040,-942]],"properties":{"FireCoType":"E","FireCoNum":164,"FireBN":23,"FireDiv":8,"Shape_Leng":44303.3200817,"Shape_Area":75985857.284}},{"type":"Polygon","id":339,"arcs":[[1114,1115,1116,1117,-973,-724]],"properties":{"FireCoType":"E","FireCoNum":151,"FireBN":23,"FireDiv":8,"Shape_Leng":46803.8805926,"Shape_Area":75237875.6072}},{"type":"MultiPolygon","id":340,"arcs":[[[-979,-1013,-1034,-206,1118]]],"properties":{"FireCoType":"E","FireCoNum":263,"FireBN":49,"FireDiv":14,"Shape_Leng":48689.2286421,"Shape_Area":45349900.4545}},{"type":"Polygon","id":341,"arcs":[[-819,1119,-972,-287]],"properties":{"FireCoType":"L","FireCoNum":169,"FireBN":43,"FireDiv":8,"Shape_Leng":70376.163167,"Shape_Area":40239179.9873}},{"type":"Polygon","id":342,"arcs":[[1120,1121,-732,-368,-563,-750]],"properties":{"FireCoType":"E","FireCoNum":326,"FireBN":53,"FireDiv":14,"Shape_Leng":26056.58023,"Shape_Area":33696053.0634}},{"type":"Polygon","id":343,"arcs":[[-54,-115,-253,-391,-729,-1122,1122]],"properties":{"FireCoType":"E","FireCoNum":301,"FireBN":54,"FireDiv":13,"Shape_Leng":31673.8540918,"Shape_Area":57866534.3828}},{"type":"Polygon","id":344,"arcs":[[1123,-55,-1123,1124,1125,-749,-746]],"properties":{"FireCoType":"L","FireCoNum":162,"FireBN":53,"FireDiv":14,"Shape_Leng":31221.6420361,"Shape_Area":38851772.8726}},{"type":"Polygon","id":345,"arcs":[[1126,-846,-879,-408,1127]],"properties":{"FireCoType":"E","FireCoNum":8,"FireBN":8,"FireDiv":3,"Shape_Leng":12100.9978157,"Shape_Area":8320464.20734}},{"type":"Polygon","id":346,"arcs":[[-1107,-847,-1127,1128]],"properties":{"FireCoType":"L","FireCoNum":2,"FireBN":8,"FireDiv":3,"Shape_Leng":12178.1944184,"Shape_Area":6331566.42115}},{"type":"Polygon","id":347,"arcs":[[-779,-803,-1111,1129]],"properties":{"FireCoType":"L","FireCoNum":36,"FireBN":13,"FireDiv":7,"Shape_Leng":25972.2714869,"Shape_Area":10955964.7895}}]}},"arcs":[[[5708,4493],[-16,106]],[[5692,4599],[-10,69]],[[5682,4668],[216,20]],[[5898,4688],[6,-4]],[[5904,4684],[16,-158]],[[5920,4526],[-212,-33]],[[6176,3841],[-30,-6]],[[6146,3835],[-108,268]],[[6038,4103],[93,54]],[[6131,4157],[16,-170]],[[6147,3987],[29,-146]],[[4886,2911],[-242,193]],[[4644,3104],[-145,227]],[[4499,3331],[52,66]],[[4551,3397],[43,54]],[[4594,3451],[115,-179]],[[4709,3272],[283,-226]],[[4992,3046],[-106,-135]],[[4711,2523],[21,26]],[[4732,2549],[63,81]],[[4795,2630],[306,-54]],[[5101,2576],[-14,-116]],[[5087,2460],[-376,63]],[[5891,6694],[244,-170]],[[6135,6524],[-100,-166]],[[6035,6358],[-58,37]],[[5977,6395],[-213,127]],[[5764,6522],[127,172]],[[7805,6128],[-149,152]],[[7656,6280],[-20,86]],[[7636,6366],[251,52]],[[7887,6418],[-82,-290]],[[6015,4599],[-111,85]],[[5898,4688],[92,132]],[[5990,4820],[79,11]],[[6069,4831],[77,-57]],[[6146,4774],[-131,-175]],[[6457,3912],[-281,-71]],[[6147,3987],[266,159]],[[6413,4146],[44,-234]],[[5726,4377],[-68,4]],[[5658,4381],[-150,11]],[[5508,4392],[-124,106]],[[5384,4498],[308,101]],[[5708,4493],[18,-116]],[[4727,5336],[-126,-46]],[[4601,5290],[-64,61]],[[4537,5351],[-9,6]],[[4528,5357],[52,80]],[[4580,5437],[147,-101]],[[9480,5287],[36,-353]],[[9516,4934],[-393,-37]],[[9123,4897],[-98,293]],[[9025,5190],[256,83]],[[9281,5273],[199,14]],[[4571,6353],[109,-72]],[[4680,6281],[-46,-207]],[[4634,6074],[-17,-31]],[[4617,6043],[-159,94]],[[4458,6137],[113,216]],[[6371,7713],[-191,2]],[[6180,7715],[64,202]],[[6244,7917],[192,8]],[[6436,7925],[-65,-212]],[[5630,4004],[-149,-5]],[[5481,3999],[16,227]],[[5497,4226],[11,166]],[[5658,4381],[-28,-377]],[[6724,4905],[-363,78]],[[6361,4983],[283,169]],[[6644,5152],[80,-247]],[[7491,2044],[54,-126]],[[7545,1918],[-161,-77]],[[7384,1841],[-92,209]],[[7292,2050],[199,-6]],[[4899,4708],[-18,-144]],[[4881,4564],[-70,-40]],[[4811,4524],[0,141]],[[4811,4665],[21,103]],[[4832,4768],[45,-3]],[[4877,4765],[22,-57]],[[5151,6894],[-43,-79]],[[5108,6815],[-240,94]],[[4868,6909],[81,155]],[[4949,7064],[227,-124]],[[5176,6940],[-25,-46]],[[6379,8155],[-27,16]],[[6352,8171],[-27,73]],[[6325,8244],[55,137]],[[6380,8381],[88,-25]],[[6468,8356],[-89,-201]],[[6644,7899],[-93,-155]],[[6551,7744],[-180,-31]],[[6436,7925],[7,20]],[[6443,7945],[201,-46]],[[6450,8732],[-84,-187]],[[6366,8545],[-32,-49]],[[6334,8496],[-101,-17]],[[6233,8479],[-16,5]],[[6217,8484],[140,256]],[[6357,8740],[23,0]],[[6380,8740],[70,-8]],[[5429,7274],[-2,241]],[[5427,7515],[102,-57]],[[5529,7458],[-41,-75]],[[5488,7383],[-59,-109]],[[4983,3379],[45,-284]],[[5028,3095],[7,-57]],[[5035,3038],[-43,8]],[[4709,3272],[159,199]],[[4868,3471],[115,-92]],[[9123,4897],[-381,-124]],[[8742,4773],[-104,214]],[[8638,4987],[89,131]],[[8727,5118],[298,72]],[[5588,2886],[-86,-12]],[[5502,2874],[-39,286]],[[5463,3160],[430,44]],[[5893,3204],[36,3]],[[5929,3207],[16,-218]],[[5945,2989],[-357,-103]],[[4732,2549],[-195,164]],[[4537,2713],[145,184]],[[4682,2897],[199,-158]],[[4881,2739],[-86,-109]],[[4682,2897],[-124,100]],[[4558,2997],[86,107]],[[4886,2911],[-5,-172]],[[6072,3695],[-217,-24]],[[5855,3671],[-3,38]],[[5852,3709],[-16,212]],[[5836,3921],[-6,70]],[[5830,3991],[61,28]],[[5891,4019],[201,-239]],[[6092,3780],[-20,-85]],[[6244,7917],[-34,14]],[[6210,7931],[142,240]],[[6379,8155],[87,-112]],[[6466,8043],[-23,-98]],[[4718,6105],[-84,-31]],[[4680,6281],[104,-56]],[[4784,6225],[-66,-120]],[[4728,5202],[-116,77]],[[4612,5279],[-11,11]],[[4727,5336],[14,-6]],[[4741,5330],[32,-13]],[[4773,5317],[-45,-115]],[[4528,5357],[-109,-3]],[[4419,5354],[-45,25]],[[4374,5379],[18,112]],[[4392,5491],[134,-23]],[[4526,5468],[54,-31]],[[7000,4509],[-32,225]],[[6968,4734],[281,68]],[[7249,4802],[11,-92]],[[7260,4710],[38,-92]],[[7298,4618],[-298,-109]],[[6486,3775],[-254,-269]],[[6232,3506],[-160,189]],[[6092,3780],[54,55]],[[6457,3912],[29,-137]],[[6051,4845],[-169,127]],[[5882,4972],[124,112]],[[6006,5084],[140,-110]],[[6146,4974],[-95,-129]],[[4030,3529],[184,-147]],[[4214,3382],[-114,-327]],[[4100,3055],[-249,42]],[[3851,3097],[179,432]],[[7396,4390],[-319,-27]],[[7077,4363],[-77,146]],[[7298,4618],[43,-66]],[[7341,4552],[55,-162]],[[6407,4177],[6,-31]],[[6131,4157],[253,144]],[[6384,4301],[23,-124]],[[5945,4361],[-68,5]],[[5877,4366],[-151,11]],[[5920,4526],[25,-165]],[[5063,2240],[24,220]],[[5101,2576],[188,28]],[[5289,2604],[6,-114]],[[5295,2490],[12,-214]],[[5307,2276],[-244,-36]],[[5875,3425],[-441,-32]],[[5434,3393],[-77,135]],[[5357,3528],[-1,11]],[[5356,3539],[507,41]],[[5863,3580],[12,-155]],[[9279,3319],[-265,326]],[[9014,3645],[168,414]],[[9182,4059],[162,353]],[[9344,4412],[190,49]],[[9534,4461],[-255,-1142]],[[4671,3629],[126,-101]],[[4797,3528],[71,-57]],[[4594,3451],[-38,117]],[[4556,3568],[115,61]],[[4551,3397],[-365,295]],[[4186,3692],[73,157]],[[4259,3849],[297,-281]],[[4592,5202],[-107,-4]],[[4485,5198],[-29,18]],[[4456,5216],[81,135]],[[4612,5279],[-20,-77]],[[6357,6771],[-222,-247]],[[5891,6694],[466,77]],[[4874,4168],[-92,-143]],[[4782,4025],[-154,158]],[[4628,4183],[183,186]],[[4811,4369],[16,-8]],[[4827,4361],[77,-40]],[[4904,4321],[-30,-153]],[[4904,4321],[47,-24]],[[4951,4297],[181,-91]],[[5132,4206],[-258,-38]],[[6137,4507],[-63,49]],[[6074,4556],[-59,43]],[[6146,4774],[120,-92]],[[6266,4682],[-129,-175]],[[6069,4831],[-18,14]],[[6146,4974],[28,-22]],[[6174,4952],[27,-104]],[[6201,4848],[93,-128]],[[6294,4720],[-28,-38]],[[6617,5236],[27,-84]],[[6361,4983],[-160,-135]],[[6174,4952],[187,338]],[[6361,5290],[150,4]],[[6511,5294],[106,-58]],[[6982,5400],[-365,-164]],[[6511,5294],[-21,169]],[[6490,5463],[478,177]],[[6968,5640],[109,-62]],[[7077,5578],[-39,-78]],[[7038,5500],[-56,-100]],[[6371,7713],[-48,-179]],[[6323,7534],[-192,67]],[[6131,7601],[31,72]],[[6162,7673],[18,42]],[[6131,7601],[-188,74]],[[5943,7675],[49,58]],[[5992,7733],[170,-60]],[[8742,4773],[68,-100]],[[8810,4673],[-376,-85]],[[8434,4588],[-192,277]],[[8242,4865],[396,122]],[[8754,5083],[-57,-31]],[[8697,5052],[-59,-65]],[[8242,4865],[-41,55]],[[8201,4920],[-6,20]],[[8195,4940],[495,250]],[[8690,5190],[37,-72]],[[8727,5118],[27,-35]],[[4820,6048],[-102,57]],[[4784,6225],[16,30]],[[4800,6255],[102,-57]],[[4902,6198],[-82,-150]],[[4906,5999],[-86,49]],[[4902,6198],[95,-33]],[[4997,6165],[-66,-120]],[[4931,6045],[-25,-46]],[[4874,5939],[-58,-104]],[[4816,5835],[-88,49]],[[4728,5884],[-102,55]],[[4626,5939],[248,0]],[[5780,8108],[-9,-28]],[[5771,8080],[-95,-112]],[[5676,7968],[-175,118]],[[5501,8086],[43,149]],[[5544,8235],[236,-127]],[[4811,4665],[-210,91]],[[4601,4756],[192,216]],[[4793,4972],[39,-204]],[[5891,4019],[99,57]],[[5990,4076],[48,27]],[[4623,2412],[-122,5]],[[4501,2417],[-68,55]],[[4433,2472],[104,241]],[[4711,2523],[-88,-111]],[[4433,2472],[-183,72]],[[4250,2544],[99,267]],[[4349,2811],[209,186]],[[5314,2174],[-7,102]],[[5295,2490],[258,37]],[[5553,2527],[44,-313]],[[5597,2214],[-283,-40]],[[5289,2604],[-30,235]],[[5259,2839],[157,23]],[[5416,2862],[20,3]],[[5436,2865],[66,9]],[[5588,2886],[27,-187]],[[5615,2699],[-62,-172]],[[5830,3991],[-200,13]],[[5630,4004],[9,121]],[[5639,4125],[0,6]],[[5639,4131],[19,250]],[[5877,4366],[-47,-375]],[[5502,2874],[-243,-35]],[[5259,2839],[-154,93]],[[5105,2932],[-70,106]],[[5028,3095],[191,28]],[[5219,3123],[158,23]],[[5377,3146],[86,14]],[[7679,9425],[-446,-433]],[[7233,8992],[31,420]],[[7264,9412],[222,166]],[[7486,9578],[193,-153]],[[5318,3823],[-43,159]],[[5275,3982],[206,17]],[[5836,3921],[-518,-98]],[[5852,3709],[-518,11]],[[5334,3720],[-16,103]],[[4488,4955],[-100,91]],[[4388,5046],[39,61]],[[4427,5107],[108,-116]],[[4535,4991],[-47,-36]],[[5945,2989],[100,-339]],[[6045,2650],[-430,49]],[[5619,7862],[-50,-110]],[[5569,7752],[-194,136]],[[5375,7888],[70,74]],[[5445,7962],[174,-100]],[[6325,8244],[-50,17]],[[6275,8261],[59,235]],[[6366,8545],[45,-12]],[[6411,8533],[-31,-152]],[[6210,7931],[-25,-23]],[[6185,7908],[-82,34]],[[6103,7942],[123,322]],[[6226,8264],[49,-3]],[[2962,1683],[-56,-95]],[[2906,1588],[-403,269]],[[2503,1857],[280,405]],[[2783,2262],[179,-579]],[[5110,5887],[-50,-184]],[[5060,5703],[-185,99]],[[4875,5802],[-59,33]],[[4874,5939],[236,-52]],[[5873,7145],[-109,-102]],[[5764,7043],[-213,124]],[[5551,7167],[59,107]],[[5610,7274],[263,-129]],[[5807,6117],[18,-17]],[[5825,6100],[-120,-216]],[[5705,5884],[-212,-94]],[[5493,5790],[-71,292]],[[5422,6082],[116,184]],[[5538,6266],[269,-149]],[[4626,5058],[-91,-67]],[[4427,5107],[2,2]],[[4429,5109],[56,89]],[[4592,5202],[34,-144]],[[7656,5075],[-13,-215]],[[7643,4860],[-383,-150]],[[7249,4802],[-98,192]],[[7151,4994],[489,207]],[[7640,5201],[16,-126]],[[7380,5813],[32,-161]],[[7412,5652],[-335,-74]],[[6968,5640],[-97,146]],[[6871,5786],[113,67]],[[6984,5853],[396,-40]],[[7255,6134],[125,-321]],[[6984,5853],[-61,235]],[[6923,6088],[332,46]],[[8611,6229],[100,-316]],[[8711,5913],[-75,-20]],[[8636,5893],[-516,-28]],[[8120,5865],[120,384]],[[8240,6249],[371,-20]],[[6490,5463],[-18,312]],[[6472,5775],[270,83]],[[6742,5858],[129,-72]],[[6742,5858],[-54,138]],[[6688,5996],[235,92]],[[5388,4731],[-18,129]],[[5370,4860],[138,120]],[[5508,4980],[136,-103]],[[5644,4877],[-29,-112]],[[5615,4765],[-227,-34]],[[8308,4533],[72,-264]],[[8380,4269],[55,-57]],[[8435,4212],[-580,79]],[[7855,4291],[-92,241]],[[7763,4532],[242,136]],[[8005,4668],[303,-135]],[[8195,4940],[-46,104]],[[8149,5044],[-31,327]],[[8118,5371],[419,186]],[[8537,5557],[153,-367]],[[5450,5787],[51,-353]],[[5501,5434],[-153,-117]],[[5348,5317],[-78,77]],[[5270,5394],[180,393]],[[9182,4059],[-274,390]],[[8908,4449],[187,69]],[[9095,4518],[249,-106]],[[8908,4449],[-98,224]],[[9123,4897],[-28,-379]],[[8434,4588],[-126,-55]],[[8005,4668],[-66,157]],[[7939,4825],[262,95]],[[5434,3393],[-57,-247]],[[5219,3123],[-57,290]],[[5162,3413],[195,115]],[[5875,3425],[18,-221]],[[5341,6249],[-141,78]],[[5200,6327],[109,195]],[[5309,6522],[168,-93]],[[5477,6429],[-136,-180]],[[6361,5290],[-212,116]],[[6149,5406],[101,375]],[[6250,5781],[222,-6]],[[6724,4905],[244,-171]],[[6968,4734],[-231,-115]],[[6737,4619],[-45,-49]],[[6692,4570],[-229,-130]],[[6463,4440],[-92,221]],[[6371,4661],[-77,59]],[[5370,4860],[-90,6]],[[5280,4866],[-111,157]],[[5169,5023],[129,17]],[[5298,5040],[197,-49]],[[5495,4991],[13,-11]],[[5735,8370],[135,-37]],[[5870,8333],[-90,-225]],[[5544,8235],[10,213]],[[5554,8448],[181,-78]],[[2240,3454],[-263,-382]],[[1977,3072],[-54,3]],[[1923,3075],[-63,160]],[[1860,3235],[4,43]],[[1864,3278],[14,98]],[[1878,3376],[362,78]],[[9150,2335],[-299,-63]],[[8851,2272],[-22,142]],[[8829,2414],[115,116]],[[8944,2530],[206,-195]],[[6183,8393],[-50,-92]],[[6133,8301],[-226,52]],[[5907,8353],[56,97]],[[5963,8450],[220,-57]],[[7264,9412],[-42,-101]],[[7222,9311],[-191,81]],[[7031,9392],[292,398]],[[7323,9790],[163,-212]],[[5501,5434],[105,-23]],[[5606,5411],[-5,-72]],[[5601,5339],[-158,-143]],[[5443,5196],[-80,9]],[[5363,5205],[-15,112]],[[5966,5196],[51,-78]],[[6017,5118],[9,-6]],[[6026,5112],[-20,-28]],[[6006,5084],[-272,-17]],[[5734,5067],[-58,28]],[[5676,5095],[-46,118]],[[5630,5213],[326,121]],[[5956,5334],[10,-138]],[[5676,5095],[-188,-40]],[[5488,5055],[-45,141]],[[5601,5339],[29,-126]],[[5275,3982],[-122,229]],[[5153,4211],[2,95]],[[5155,4306],[342,-80]],[[5497,4226],[-7,-84]],[[5490,4142],[0,-5]],[[5490,4137],[-9,-138]],[[7262,8287],[5,-26]],[[7267,8261],[-27,-4]],[[7240,8257],[-270,201]],[[6970,8458],[-15,144]],[[6955,8602],[131,4]],[[7086,8606],[176,-319]],[[7251,6228],[4,-94]],[[6688,5996],[-123,34]],[[6565,6030],[97,155]],[[6662,6185],[589,43]],[[6850,3552],[18,30]],[[6868,3582],[-79,-180]],[[6789,3402],[-2,3]],[[6787,3405],[-219,244]],[[6568,3649],[-82,126]],[[6407,4177],[67,14]],[[6474,4191],[376,-639]],[[6948,3382],[0,0]],[[4519,4372],[-127,-344]],[[4392,4028],[-63,410]],[[4329,4438],[190,-66]],[[5060,5703],[14,-72]],[[5074,5631],[-229,-46]],[[4845,5585],[-18,130]],[[4827,5715],[48,87]],[[5087,5362],[-265,180]],[[4822,5542],[23,43]],[[5074,5631],[13,-269]],[[4773,4294],[-381,-266]],[[4519,4372],[61,25]],[[4580,4397],[193,-103]],[[6226,8264],[-93,37]],[[6183,8393],[50,86]],[[5599,6602],[-66,-86]],[[5533,6516],[-425,299]],[[5151,6894],[448,-292]],[[5433,6817],[202,-112]],[[5635,6705],[-36,-103]],[[5176,6940],[9,15]],[[5185,6955],[248,-138]],[[7427,7925],[-221,-339]],[[7206,7586],[-82,23]],[[7124,7609],[-2,3]],[[7122,7612],[-147,462]],[[6975,8074],[-2,17]],[[6973,8091],[95,-37]],[[7068,8054],[174,-69]],[[7242,7985],[14,-6]],[[7256,7979],[171,-54]],[[7740,8169],[-303,-241]],[[7437,7928],[47,259]],[[7484,8187],[-217,74]],[[7262,8287],[129,106]],[[7391,8393],[349,-224]],[[3293,3381],[6,-258]],[[3299,3123],[-246,-172]],[[3053,2951],[-50,143]],[[3003,3094],[290,287]],[[3003,3094],[-95,-37]],[[2908,3057],[-43,-48]],[[2865,3009],[-16,278]],[[2849,3287],[464,221]],[[3313,3508],[-20,-127]],[[7903,8703],[-340,-113]],[[7563,8590],[-149,26]],[[7414,8616],[22,261]],[[7436,8877],[392,405]],[[7828,9282],[75,-579]],[[7436,8877],[-51,33]],[[7385,8910],[-152,82]],[[7679,9425],[149,-143]],[[8944,2530],[210,226]],[[9154,2756],[-4,-421]],[[6828,4260],[-100,-20]],[[6728,4240],[-90,-17]],[[6638,4223],[54,347]],[[6737,4619],[91,-359]],[[7484,8187],[-57,-262]],[[7427,7925],[-359,129]],[[7068,8054],[172,203]],[[6973,8091],[-143,156]],[[6830,8247],[90,54]],[[6920,8301],[30,69]],[[6950,8370],[20,88]],[[7665,5262],[-25,-61]],[[7640,5201],[-602,299]],[[7412,5652],[253,-390]],[[5855,3671],[8,-91]],[[5356,3539],[-22,181]],[[8611,6229],[57,22]],[[8668,6251],[278,87]],[[8946,6338],[134,-272]],[[9080,6066],[-104,-29]],[[8976,6037],[-265,-124]],[[5087,5362],[-11,-54]],[[5076,5308],[-312,131]],[[4764,5439],[-27,15]],[[4737,5454],[15,52]],[[4752,5506],[70,36]],[[5076,5308],[-45,-142]],[[5031,5166],[-258,151]],[[4741,5330],[23,109]],[[6192,8476],[2,3]],[[6194,8479],[23,5]],[[5963,8450],[84,149]],[[6047,8599],[145,-123]],[[7151,4994],[-169,406]],[[6644,5152],[-11,44]],[[6633,5196],[-16,40]],[[7939,4825],[-296,35]],[[7656,5075],[493,-31]],[[7665,5262],[371,72]],[[8036,5334],[82,37]],[[6638,4223],[-64,-14]],[[6574,4209],[-100,-18]],[[6384,4301],[79,139]],[[4100,3055],[129,-103]],[[4229,2952],[120,-141]],[[4250,2544],[-399,553]],[[4728,5202],[20,-115]],[[4748,5087],[-122,-29]],[[2906,1588],[-347,-350]],[[2559,1238],[-371,322]],[[2188,1560],[315,297]],[[4942,4989],[-65,-224]],[[4793,4972],[149,17]],[[3430,2214],[-468,-531]],[[2783,2262],[9,55]],[[2792,2317],[12,14]],[[2804,2331],[115,75]],[[2919,2406],[511,-192]],[[2598,3184],[138,-316]],[[2736,2868],[-489,-92]],[[2247,2776],[0,6]],[[2247,2782],[-11,321]],[[2236,3103],[115,130]],[[2351,3233],[247,-49]],[[4488,4955],[-204,14]],[[4284,4969],[104,77]],[[5063,2240],[-114,-170]],[[4949,2070],[-326,342]],[[4949,2070],[-38,-3]],[[4911,2067],[2,-12]],[[4913,2055],[63,-251]],[[4976,1804],[-190,-24]],[[4766,1984],[20,-204]],[[4766,1984],[-265,433]],[[6103,7942],[-94,49]],[[6009,7991],[36,157]],[[6045,8148],[88,153]],[[6045,8148],[-193,55]],[[5852,8203],[55,150]],[[7077,4363],[11,-60]],[[7088,4303],[-260,-43]],[[4752,5506],[-161,125]],[[4591,5631],[39,73]],[[4630,5704],[215,-119]],[[4664,6484],[193,-123]],[[4857,6361],[-57,-106]],[[4680,6281],[-104,60]],[[4576,6341],[-5,12]],[[4571,6353],[93,131]],[[4630,5704],[43,78]],[[4673,5782],[9,14]],[[4682,5796],[145,-81]],[[4682,5796],[46,88]],[[9516,4934],[18,-473]],[[5433,6817],[154,210]],[[5587,7027],[132,-75]],[[5719,6952],[-84,-247]],[[5755,7471],[-50,-91]],[[5705,7380],[-167,94]],[[5538,7474],[41,75]],[[5579,7549],[176,-78]],[[8829,2414],[-78,247]],[[8751,2661],[12,29]],[[8763,2690],[-7,11]],[[8756,2701],[398,55]],[[8908,4449],[-57,-201]],[[8851,4248],[-471,21]],[[7110,9044],[-20,-238]],[[7090,8806],[-158,-3]],[[6932,8803],[-2,69]],[[6930,8872],[0,12]],[[6930,8884],[20,223]],[[6950,9107],[160,-63]],[[1975,2203],[-120,-188]],[[1855,2015],[-962,-14]],[[893,2001],[28,123]],[[921,2124],[756,523]],[[1677,2647],[570,135]],[[2247,2776],[-272,-573]],[[701,767],[-541,333]],[[160,1100],[55,127]],[[215,1227],[260,197]],[[475,1424],[226,-657]],[[3510,2319],[-288,303]],[[3222,2622],[95,404]],[[3317,3026],[193,-707]],[[3121,2523],[-68,428]],[[3053,2951],[81,98]],[[3134,3049],[20,8]],[[3154,3057],[145,66]],[[3299,3123],[18,-97]],[[3222,2622],[-101,-99]],[[6635,8276],[-167,80]],[[6468,8356],[72,146]],[[6540,8502],[32,46]],[[6572,8548],[136,-164]],[[6708,8384],[-73,-108]],[[6411,8533],[129,-31]],[[2849,3287],[22,270]],[[2871,3557],[442,-49]],[[2865,3009],[-129,-141]],[[2598,3184],[-46,332]],[[2552,3516],[319,41]],[[4539,3978],[132,-349]],[[4259,3849],[280,129]],[[6009,7991],[-206,-75]],[[5803,7916],[49,287]],[[7887,2055],[-342,-137]],[[7491,2044],[348,135]],[[7839,2179],[48,-124]],[[6574,4209],[276,-657]],[[4782,4025],[222,-121]],[[5004,3904],[-207,-376]],[[4539,3978],[89,205]],[[4983,3379],[168,83]],[[5151,3462],[11,-49]],[[6975,8074],[-168,-25]],[[6807,8049],[-70,33]],[[6737,8082],[-118,53]],[[6619,8135],[16,141]],[[6708,8384],[122,-137]],[[6744,8606],[177,-10]],[[6921,8596],[34,6]],[[6970,8458],[-140,-211]],[[6572,8548],[172,58]],[[7532,6995],[-12,-189]],[[7520,6806],[-206,0]],[[7314,6806],[218,189]],[[2351,3233],[-52,134]],[[2299,3367],[253,149]],[[5108,3689],[43,-227]],[[5004,3904],[104,-215]],[[1923,3075],[-47,8]],[[1876,3083],[-32,3]],[[1844,3086],[16,149]],[[2236,3103],[-259,-31]],[[2240,3454],[59,-87]],[[1677,2647],[246,428]],[[1844,3086],[-242,43]],[[1602,3129],[262,149]],[[1149,853],[-247,-152]],[[902,701],[-185,-37]],[[717,664],[-16,103]],[[475,1424],[271,18]],[[746,1442],[295,54]],[[1041,1496],[108,-643]],[[8736,5617],[-199,-60]],[[8036,5334],[-95,550]],[[7941,5884],[179,-19]],[[8636,5893],[100,-276]],[[8335,6978],[-45,-60]],[[8290,6918],[-543,-133]],[[7747,6785],[-227,21]],[[7532,6995],[803,-17]],[[2559,1238],[-606,-304]],[[1953,934],[27,413]],[[1980,1347],[208,213]],[[4499,3331],[-32,-41]],[[4467,3290],[-253,92]],[[4030,3529],[156,163]],[[9625,6399],[-545,-333]],[[8946,6338],[84,80]],[[9030,6418],[595,-19]],[[9670,5480],[-287,258]],[[9383,5738],[373,548]],[[9756,6286],[-86,-806]],[[9383,5738],[-226,-103]],[[9157,5635],[-181,402]],[[9625,6399],[131,-113]],[[7710,4679],[53,-147]],[[7763,4532],[-290,-123]],[[7473,4409],[-77,-19]],[[7341,4552],[369,127]],[[5945,4361],[64,-4]],[[6009,4357],[-19,-281]],[[6009,4357],[97,-8]],[[6106,4349],[278,-48]],[[4949,7064],[91,169]],[[5040,7233],[228,-126]],[[5268,7107],[-83,-152]],[[5040,7233],[79,150]],[[5119,7383],[233,-124]],[[5352,7259],[-34,-61]],[[5318,7198],[-50,-91]],[[7643,4860],[67,-181]],[[6060,7218],[-4,4]],[[6056,7222],[-63,74]],[[5993,7296],[61,129]],[[6054,7425],[269,109]],[[6323,7534],[36,-172]],[[6359,7362],[-299,-144]],[[6551,7744],[-67,-336]],[[6484,7408],[-125,-46]],[[4229,2952],[238,338]],[[6002,8599],[-132,-266]],[[5735,8370],[215,339]],[[5950,8709],[52,-110]],[[5977,6395],[-170,-278]],[[5538,6266],[226,256]],[[7380,5813],[561,71]],[[7511,6223],[145,57]],[[7805,6128],[136,-244]],[[7251,6228],[181,175]],[[7432,6403],[79,-180]],[[7470,6123],[0,0]],[[5348,5317],[15,-112]],[[5363,5205],[-65,-165]],[[5169,5023],[-16,6]],[[5153,5029],[117,365]],[[5488,5055],[7,-64]],[[5275,3982],[-167,-293]],[[5132,4206],[21,5]],[[5275,3982],[34,-87]],[[5309,3895],[2,-17]],[[5311,3878],[7,-55]],[[4456,5216],[-37,138]],[[5882,8596],[-3,0]],[[5879,8596],[-144,-226]],[[5554,8448],[167,226]],[[5721,8674],[115,-15]],[[5836,8659],[114,50]],[[5950,8709],[-68,-113]],[[7414,8616],[-328,-10]],[[6921,8596],[11,207]],[[7090,8806],[295,104]],[[7563,8590],[-172,-197]],[[5782,7472],[91,-327]],[[5610,7274],[16,31]],[[5626,7305],[79,75]],[[5755,7471],[27,1]],[[8240,6249],[18,158]],[[8258,6407],[32,511]],[[8335,6978],[192,54]],[[8527,7032],[141,-781]],[[6045,2650],[575,-697]],[[6620,1953],[-768,246]],[[5852,2199],[-255,15]],[[3121,2523],[-202,-117]],[[2919,2406],[-136,-144]],[[2783,2262],[-251,265]],[[2532,2527],[204,341]],[[2865,3009],[138,85]],[[3510,2319],[-80,-105]],[[5105,2932],[-4,-356]],[[4637,4558],[-57,-161]],[[4329,4438],[202,158]],[[4531,4596],[106,-38]],[[4811,4524],[-174,34]],[[4531,4596],[70,160]],[[5384,4498],[-5,35]],[[5379,4533],[-65,97]],[[5314,4630],[15,3]],[[5388,4731],[-59,-98]],[[5615,4765],[67,-97]],[[6825,3683],[43,-101]],[[6728,4240],[97,-557]],[[5676,7968],[-57,-106]],[[5445,7962],[56,124]],[[5318,7198],[269,-171]],[[7887,6418],[371,-11]],[[5047,6255],[-190,106]],[[4857,6361],[67,121]],[[4924,6482],[190,-106]],[[5114,6376],[-67,-121]],[[5047,6255],[-50,-90]],[[5734,4906],[-45,-15]],[[5689,4891],[-45,-14]],[[5734,5067],[0,-161]],[[1081,3312],[55,-39]],[[1136,3273],[6,-4]],[[1142,3269],[460,-140]],[[1602,3129],[20,-6]],[[1622,3123],[73,-13]],[[1695,3110],[149,-24]],[[1844,3086],[79,-11]],[[921,2124],[160,1188]],[[2532,2527],[-557,-324]],[[2783,2262],[-156,-287]],[[2627,1975],[-13,-11]],[[2614,1964],[-111,-107]],[[1980,1347],[-54,236]],[[1926,1583],[-32,42]],[[1894,1625],[-48,60]],[[1846,1685],[9,330]],[[4284,4969],[4,263]],[[4288,5232],[141,-123]],[[4288,5232],[86,147]],[[4374,5379],[9,-3]],[[4383,5376],[36,-22]],[[6250,5781],[14,78]],[[6264,5859],[16,83]],[[6280,5942],[57,109]],[[6337,6051],[228,-21]],[[7606,4045],[-437,106]],[[7169,4151],[-81,152]],[[7473,4409],[133,-364]],[[5200,6327],[-86,49]],[[4924,6482],[25,45]],[[4949,6527],[84,150]],[[5033,6677],[276,-155]],[[5533,6516],[-56,-87]],[[5033,6677],[75,138]],[[4868,6909],[4,-2]],[[4872,6907],[236,-92]],[[5033,6677],[-220,123]],[[4813,6800],[55,109]],[[6054,7425],[20,47]],[[6074,7472],[57,129]],[[6131,7601],[88,-37]],[[6219,7564],[9,-3]],[[6228,7561],[95,-27]],[[6074,7472],[-81,46]],[[5993,7518],[-21,11]],[[5972,7529],[-156,52]],[[5816,7581],[0,129]],[[5816,7710],[127,-35]],[[5816,7710],[-13,206]],[[6185,7908],[-193,-175]],[[5827,7824],[0,0]],[[5818,7750],[0,0]],[[6162,7673],[-102,37]],[[6060,7710],[-8,2]],[[6052,7712],[-60,21]],[[6950,9107],[81,285]],[[7222,9311],[-112,-267]],[[6404,9308],[-194,-146]],[[6210,9162],[-122,-110]],[[6088,9052],[6,497]],[[6094,9549],[310,-241]],[[5569,7752],[-45,-134]],[[5524,7618],[-213,57]],[[5311,7675],[-16,20]],[[5295,7695],[80,193]],[[6264,5859],[-342,2]],[[5922,5861],[19,130]],[[5941,5991],[339,-49]],[[6334,6229],[3,-178]],[[5941,5991],[18,118]],[[5959,6109],[190,177]],[[6149,6286],[185,-57]],[[5922,5861],[-244,-206]],[[5678,5655],[27,229]],[[5825,6100],[134,9]],[[6149,5406],[-116,19]],[[6033,5425],[-355,230]],[[6006,5084],[-40,112]],[[5966,5196],[67,229]],[[4737,5454],[-188,83]],[[4549,5537],[34,80]],[[4583,5617],[8,14]],[[4549,5537],[-23,-69]],[[4526,5468],[-125,17]],[[4401,5485],[-9,6]],[[4392,5491],[10,140]],[[4402,5631],[147,33]],[[4549,5664],[34,-47]],[[5155,4306],[21,166]],[[5176,4472],[203,61]],[[1953,934],[-75,-63]],[[1878,871],[-235,253]],[[1643,1124],[-100,424]],[[1543,1548],[303,137]],[[1846,1685],[134,-338]],[[6009,4357],[-55,3]],[[5954,4360],[-9,1]],[[6074,4556],[32,-207]],[[5399,7660],[3,15]],[[5402,7675],[36,-19]],[[5438,7656],[-11,-21]],[[5427,7635],[97,-17]],[[5524,7618],[63,-55]],[[5587,7563],[-8,-14]],[[5538,7474],[-9,-16]],[[5427,7515],[-116,160]],[[5311,7675],[88,-15]],[[5404,7230],[-52,29]],[[5119,7383],[176,312]],[[5429,7274],[-25,-44]],[[1142,3269],[736,107]],[[5898,4688],[-163,-12]],[[5735,4676],[-53,-8]],[[5689,4891],[301,-71]],[[5734,4906],[148,66]],[[5626,7305],[-138,78]],[[7989,2276],[7,-188]],[[7996,2088],[-109,-33]],[[7839,2179],[150,97]],[[5302,1853],[-326,-49]],[[4913,2055],[-2,12]],[[5314,2174],[-12,-321]],[[717,664],[-717,-385]],[[0,279],[160,821]],[[7206,7586],[135,-218]],[[7341,7368],[-217,241]],[[7122,7612],[-315,437]],[[6662,6185],[-42,268]],[[6620,6453],[-32,160]],[[6588,6613],[844,-210]],[[6855,7770],[31,6]],[[6886,7776],[53,9]],[[6939,7785],[16,3]],[[6955,7788],[167,-176]],[[7341,7368],[-658,416]],[[6683,7784],[9,135]],[[6692,7919],[45,163]],[[6807,8049],[48,-279]],[[5993,7296],[-177,285]],[[5816,7581],[258,-109]],[[4709,6605],[240,-78]],[[4664,6484],[45,121]],[[4709,6605],[104,195]],[[5667,5651],[-61,-240]],[[5450,5787],[217,-136]],[[5667,5651],[289,-317]],[[4673,5782],[-154,86]],[[4519,5868],[57,100]],[[4576,5968],[50,-29]],[[4906,5999],[-32,-60]],[[4576,5968],[41,75]],[[4549,5664],[-46,172]],[[4503,5836],[16,32]],[[4515,6100],[50,-29]],[[4565,6071],[52,-28]],[[4503,5836],[-68,36]],[[4435,5872],[23,265]],[[4458,6137],[7,-9]],[[4465,6128],[50,-28]],[[4402,5631],[33,241]],[[6137,4507],[234,154]],[[6334,6229],[186,212]],[[6520,6441],[100,12]],[[4811,4524],[16,-163]],[[4811,4369],[-38,-75]],[[7910,8103],[-473,-175]],[[7437,7928],[142,23]],[[7579,7951],[14,6]],[[7593,7957],[147,212]],[[7740,8169],[170,-66]],[[7903,8703],[7,-600]],[[5031,5166],[-283,-79]],[[4951,4297],[109,236]],[[5060,4533],[116,-61]],[[5329,4633],[59,98]],[[5314,4630],[-227,69]],[[5087,4699],[193,167]],[[5060,4533],[-127,88]],[[4933,4621],[-34,87]],[[4899,4708],[188,-9]],[[4881,4564],[52,57]],[[4942,4989],[211,40]],[[6035,6358],[114,-72]],[[6135,6524],[385,-83]],[[8527,7032],[503,-614]],[[7747,6785],[-111,-419]],[[7511,6223],[-197,583]],[[6094,9549],[557,278]],[[6651,9827],[-247,-519]],[[1643,1124],[-494,-271]],[[1149,853],[-9,347]],[[1140,1200],[12,10]],[[1152,1210],[-111,286]],[[1041,1496],[502,52]],[[746,1442],[147,559]],[[6232,3506],[-167,-265]],[[6065,3241],[-136,-34]],[[6341,3063],[279,-1110]],[[6065,3241],[25,-8]],[[6090,3233],[251,-170]],[[6341,3063],[0,0]],[[6568,3649],[219,-244]],[[6789,3402],[-699,-169]],[[7169,4151],[-99,-301]],[[7070,3850],[43,-64]],[[7113,3786],[2,-2]],[[7115,3784],[-290,-101]],[[7606,4045],[118,-416]],[[7724,3629],[-609,155]],[[7113,3786],[-43,64]],[[6882,7268],[-331,476]],[[6644,7899],[48,20]],[[6683,7784],[199,-516]],[[6882,7268],[-398,140]],[[6466,8043],[153,92]],[[8394,2365],[13,-183]],[[8407,2182],[-411,-94]],[[7989,2276],[405,89]],[[8756,2701],[73,-287]],[[8851,2272],[-444,-90]],[[8394,2365],[362,336]],[[5782,7831],[-111,-116]],[[5671,7715],[-102,37]],[[5771,8080],[11,-249]],[[5587,7563],[84,152]],[[5782,7831],[0,-359]],[[9014,3645],[-342,254]],[[8672,3899],[179,349]],[[8672,3899],[-237,313]],[[9279,3319],[-1555,310]],[[7606,4045],[249,246]],[[7627,4039],[-21,6]],[[7855,4291],[-228,-252]],[[5551,7167],[-147,63]],[[5764,7043],[-45,-91]],[[6737,9216],[-147,-223]],[[6590,8993],[-129,-115]],[[6461,8878],[-251,284]],[[6651,9827],[143,-57]],[[6794,9770],[-57,-554]],[[6450,8732],[253,100]],[[6703,8832],[41,-226]],[[6380,8740],[81,138]],[[6590,8993],[113,-161]],[[6217,8484],[-170,115]],[[6047,8599],[97,135]],[[6144,8734],[166,6]],[[6310,8740],[29,0]],[[6339,8740],[18,0]],[[6737,9216],[213,-109]],[[6950,9107],[-18,-304]],[[6794,9770],[529,20]],[[6357,8740],[-213,-6]],[[6144,8734],[-56,318]],[[5176,6004],[-43,-73]],[[5133,5931],[-202,114]],[[4997,6165],[179,-161]],[[4931,6045],[197,-112]],[[5128,5933],[5,-2]],[[5133,5931],[-23,-44]],[[6190,8990],[-354,-331]],[[5721,8674],[469,316]],[[1878,871],[-837,-525]],[[1041,346],[-139,355]],[[902,701],[5,-46]],[[907,655],[7,-57]],[[914,598],[127,-252]],[[1041,346],[-1041,-67]],[[6357,6771],[231,-158]],[[5852,2199],[-550,-346]],[[9157,5635],[-91,-100]],[[9066,5535],[-330,82]],[[9066,5535],[215,-262]],[[9670,5480],[-190,-193]],[[9066,5535],[14,13]],[[9080,5548],[77,87]],[[5262,6134],[-215,121]],[[5341,6249],[-79,-115]],[[5262,6134],[-86,-130]],[[6190,8990],[-188,-391]]]}