{"type":"Topology","transform":{"scale":[0.0000555637863728049,0.000041945932776762425],"translate":[-74.25559136315215,40.49611539517034]},"objects":{"ha":{"type":"GeometryCollection","geometries":[{"type":"Polygon","id":0,"arcs":[[0,1,2,3,4,5,6,7,8,9]],"properties":{"BoroCode":2,"BoroName":"Bronx","HealthArea":2400,"Shape_Leng":16083.8235851,"Shape_Area":9555968.38807}},{"type":"Polygon","id":1,"arcs":[[10,11,12,13,14,-7]],"properties":{"BoroCode":2,"BoroName":"Bronx","HealthArea":2500,"Shape_Leng":13596.1376571,"Shape_Area":5947154.50516}},{"type":"Polygon","id":2,"arcs":[[15,16,17,-11,-6]],"properties":{"BoroCode":2,"BoroName":"Bronx","HealthArea":2600,"Shape_Leng":11371.4481509,"Shape_Area":6372300.40452}},{"type":"Polygon","id":3,"arcs":[[18,19,20,-16,-5,21]],"properties":{"BoroCode":2,"BoroName":"Bronx","HealthArea":2700,"Shape_Leng":11606.0728698,"Shape_Area":4776887.39983}},{"type":"Polygon","id":4,"arcs":[[22,23,24,-20]],"properties":{"BoroCode":2,"BoroName":"Bronx","HealthArea":2800,"Shape_Leng":10661.7395894,"Shape_Area":4304651.74807}},{"type":"Polygon","id":5,"arcs":[[25,26,27,28]],"properties":{"BoroCode":1,"BoroName":"Manhattan","HealthArea":3120,"Shape_Leng":8566.33242202,"Shape_Area":4597600.07686}},{"type":"Polygon","id":6,"arcs":[[29,30,31,32,33]],"properties":{"BoroCode":1,"BoroName":"Manhattan","HealthArea":400,"Shape_Leng":12014.992882,"Shape_Area":5873344.71285}},{"type":"Polygon","id":7,"arcs":[[34,35,36,37]],"properties":{"BoroCode":1,"BoroName":"Manhattan","HealthArea":620,"Shape_Leng":9477.1341357,"Shape_Area":4722438.32578}},{"type":"Polygon","id":8,"arcs":[[38,39,40,41,42,43,44]],"properties":{"BoroCode":1,"BoroName":"Manhattan","HealthArea":6200,"Shape_Leng":11588.9974659,"Shape_Area":4578249.16563}},{"type":"Polygon","id":9,"arcs":[[45,46,47,48,-43]],"properties":{"BoroCode":1,"BoroName":"Manhattan","HealthArea":6500,"Shape_Leng":9007.6081,"Shape_Area":4208974.13439}},{"type":"Polygon","id":10,"arcs":[[49,50,51,-46,-42,52]],"properties":{"BoroCode":1,"BoroName":"Manhattan","HealthArea":6600,"Shape_Leng":9420.7167774,"Shape_Area":4520038.6519}},{"type":"Polygon","id":11,"arcs":[[53,-50,54]],"properties":{"BoroCode":1,"BoroName":"Manhattan","HealthArea":6700,"Shape_Leng":6010.15978207,"Shape_Area":2257499.36412}},{"type":"Polygon","id":12,"arcs":[[55,-14,56,57,58,59]],"properties":{"BoroCode":2,"BoroName":"Bronx","HealthArea":2220,"Shape_Leng":16593.6061849,"Shape_Area":10256439.637}},{"type":"Polygon","id":13,"arcs":[[-52,60,61,62,63,64,-47]],"properties":{"BoroCode":1,"BoroName":"Manhattan","HealthArea":7400,"Shape_Leng":12205.5033984,"Shape_Area":6864250.37906}},{"type":"Polygon","id":14,"arcs":[[65,66,67,-63]],"properties":{"BoroCode":1,"BoroName":"Manhattan","HealthArea":7800,"Shape_Leng":11863.9720006,"Shape_Area":7027695.04002}},{"type":"Polygon","id":15,"arcs":[[68,-32,69,70,71]],"properties":{"BoroCode":1,"BoroName":"Manhattan","HealthArea":8700,"Shape_Leng":19776.6270814,"Shape_Area":7703814.69863}},{"type":"Polygon","id":16,"arcs":[[72,73,74,75]],"properties":{"BoroCode":1,"BoroName":"Manhattan","HealthArea":8800,"Shape_Leng":7148.86664074,"Shape_Area":2977091.2277}},{"type":"Polygon","id":17,"arcs":[[76,77,78]],"properties":{"BoroCode":1,"BoroName":"Manhattan","HealthArea":9000,"Shape_Leng":5925.10647665,"Shape_Area":1080130.38235}},{"type":"Polygon","id":18,"arcs":[[79,80,81,82,83,84]],"properties":{"BoroCode":2,"BoroName":"Bronx","HealthArea":1700,"Shape_Leng":16958.811334,"Shape_Area":10722485.4213}},{"type":"Polygon","id":19,"arcs":[[85,-10,86,-82]],"properties":{"BoroCode":2,"BoroName":"Bronx","HealthArea":1800,"Shape_Leng":10185.577476,"Shape_Area":3329656.22128}},{"type":"Polygon","id":20,"arcs":[[87,88,-33,-69]],"properties":{"BoroCode":1,"BoroName":"Manhattan","HealthArea":300,"Shape_Leng":9295.0251923,"Shape_Area":3758873.017}},{"type":"Polygon","id":21,"arcs":[[89,-29,90,91]],"properties":{"BoroCode":1,"BoroName":"Manhattan","HealthArea":3110,"Shape_Leng":10855.6984578,"Shape_Area":7099481.82423}},{"type":"Polygon","id":22,"arcs":[[92,93,94,95]],"properties":{"BoroCode":1,"BoroName":"Manhattan","HealthArea":1900,"Shape_Leng":8341.82762002,"Shape_Area":3075611.9216}},{"type":"Polygon","id":23,"arcs":[[96,97,98,-93,99]],"properties":{"BoroCode":1,"BoroName":"Manhattan","HealthArea":2000,"Shape_Leng":7808.26803,"Shape_Area":3805118.70229}},{"type":"Polygon","id":24,"arcs":[[-34,-89,100,101,102]],"properties":{"BoroCode":1,"BoroName":"Manhattan","HealthArea":210,"Shape_Leng":13440.220605,"Shape_Area":6245171.54583}},{"type":"Polygon","id":25,"arcs":[[103,-102,104,105]],"properties":{"BoroCode":1,"BoroName":"Manhattan","HealthArea":221,"Shape_Leng":10114.8897132,"Shape_Area":4873616.91559}},{"type":"Polygon","id":26,"arcs":[[106,107,108,109]],"properties":{"BoroCode":3,"BoroName":"Brooklyn","HealthArea":1300,"Shape_Leng":17433.9755499,"Shape_Area":12792540.8747}},{"type":"Polygon","id":27,"arcs":[[110,111,112]],"properties":{"BoroCode":3,"BoroName":"Brooklyn","HealthArea":1420,"Shape_Leng":5569.47776883,"Shape_Area":1741767.33141}},{"type":"Polygon","id":28,"arcs":[[113,114,115,116]],"properties":{"BoroCode":3,"BoroName":"Brooklyn","HealthArea":200,"Shape_Leng":12846.0967198,"Shape_Area":7316970.09185}},{"type":"Polygon","id":29,"arcs":[[117,118,119,120,121,122]],"properties":{"BoroCode":3,"BoroName":"Brooklyn","HealthArea":2900,"Shape_Leng":20176.1293546,"Shape_Area":13598386.0106}},{"type":"Polygon","id":30,"arcs":[[-117,123,124,125]],"properties":{"BoroCode":3,"BoroName":"Brooklyn","HealthArea":300,"Shape_Leng":24355.4387579,"Shape_Area":16509790.6702}},{"type":"Polygon","id":31,"arcs":[[126,127,128,129,130,131,132]],"properties":{"BoroCode":3,"BoroName":"Brooklyn","HealthArea":3200,"Shape_Leng":16441.0322812,"Shape_Area":9182622.16038}},{"type":"Polygon","id":32,"arcs":[[133,134,135,136,-127,137,138]],"properties":{"BoroCode":3,"BoroName":"Brooklyn","HealthArea":3300,"Shape_Leng":16139.6687495,"Shape_Area":9108481.45241}},{"type":"Polygon","id":33,"arcs":[[139,140,-128,-137]],"properties":{"BoroCode":3,"BoroName":"Brooklyn","HealthArea":3400,"Shape_Leng":15482.6409395,"Shape_Area":10068074.9276}},{"type":"Polygon","id":34,"arcs":[[141,142,143,144,145,146,-140,-136]],"properties":{"BoroCode":3,"BoroName":"Brooklyn","HealthArea":3500,"Shape_Leng":14597.9869584,"Shape_Area":10806466.0086}},{"type":"Polygon","id":35,"arcs":[[-138,-133,147,148,149]],"properties":{"BoroCode":3,"BoroName":"Brooklyn","HealthArea":2200,"Shape_Leng":14054.0021446,"Shape_Area":6981978.05251}},{"type":"Polygon","id":36,"arcs":[[-122,150,151,152,153,-108]],"properties":{"BoroCode":3,"BoroName":"Brooklyn","HealthArea":2710,"Shape_Leng":17286.8109377,"Shape_Area":10454265.1448}},{"type":"Polygon","id":37,"arcs":[[-18,154,155,156,157,-12]],"properties":{"BoroCode":2,"BoroName":"Bronx","HealthArea":3400,"Shape_Leng":10613.7212636,"Shape_Area":3303670.8679}},{"type":"Polygon","id":38,"arcs":[[-21,-25,158,159,-155,-17]],"properties":{"BoroCode":2,"BoroName":"Bronx","HealthArea":3500,"Shape_Leng":14028.2292855,"Shape_Area":7974956.08323}},{"type":"Polygon","id":39,"arcs":[[160,161,-159,-24,162]],"properties":{"BoroCode":2,"BoroName":"Bronx","HealthArea":3600,"Shape_Leng":13025.1147125,"Shape_Area":3969774.07772}},{"type":"Polygon","id":40,"arcs":[[163,164,165,166,167]],"properties":{"BoroCode":2,"BoroName":"Bronx","HealthArea":4400,"Shape_Leng":12521.5276022,"Shape_Area":5870291.00998}},{"type":"Polygon","id":41,"arcs":[[168,169,-166]],"properties":{"BoroCode":2,"BoroName":"Bronx","HealthArea":4500,"Shape_Leng":10735.7582961,"Shape_Area":6801732.04129}},{"type":"Polygon","id":42,"arcs":[[170,171,172,173,174]],"properties":{"BoroCode":2,"BoroName":"Bronx","HealthArea":520,"Shape_Leng":22149.09514,"Shape_Area":27078574.1512}},{"type":"Polygon","id":44,"arcs":[[175,176,177,178,179,180,-115]],"properties":{"BoroCode":3,"BoroName":"Brooklyn","HealthArea":700,"Shape_Leng":15360.1596165,"Shape_Area":10958584.4525}},{"type":"Polygon","id":45,"arcs":[[181,182,183,184,185]],"properties":{"BoroCode":3,"BoroName":"Brooklyn","HealthArea":7110,"Shape_Leng":12779.8991666,"Shape_Area":7946110.22184}},{"type":"Polygon","id":46,"arcs":[[186,187,188,189,190,191]],"properties":{"BoroCode":3,"BoroName":"Brooklyn","HealthArea":7220,"Shape_Leng":18875.5977857,"Shape_Area":14335828.9187}},{"type":"Polygon","id":47,"arcs":[[192,-192,193,194,195,196]],"properties":{"BoroCode":3,"BoroName":"Brooklyn","HealthArea":7410,"Shape_Leng":19178.4664656,"Shape_Area":19668679.9371}},{"type":"Polygon","id":48,"arcs":[[197,198,199,200,201,202]],"properties":{"BoroCode":3,"BoroName":"Brooklyn","HealthArea":7820,"Shape_Leng":27960.9481586,"Shape_Area":29815308.6058}},{"type":"Polygon","id":49,"arcs":[[203,-177,204]],"properties":{"BoroCode":3,"BoroName":"Brooklyn","HealthArea":800,"Shape_Leng":13564.6952097,"Shape_Area":5617824.86579}},{"type":"Polygon","id":50,"arcs":[[205,206,-199,207,208,209,210]],"properties":{"BoroCode":3,"BoroName":"Brooklyn","HealthArea":8010,"Shape_Leng":19333.2892859,"Shape_Area":10702279.1757}},{"type":"Polygon","id":51,"arcs":[[-209,211,212,213]],"properties":{"BoroCode":3,"BoroName":"Brooklyn","HealthArea":8020,"Shape_Leng":14710.4863915,"Shape_Area":8817261.84072}},{"type":"Polygon","id":52,"arcs":[[-183,214,215,216,217,218,-206,219]],"properties":{"BoroCode":3,"BoroName":"Brooklyn","HealthArea":8110,"Shape_Leng":22530.6133396,"Shape_Area":14296441.7976}},{"type":"Polygon","id":53,"arcs":[[220,221,222,-218]],"properties":{"BoroCode":3,"BoroName":"Brooklyn","HealthArea":8120,"Shape_Leng":16456.3505939,"Shape_Area":9050607.32323}},{"type":"Polygon","id":54,"arcs":[[-219,-223,223,224,-200,-207]],"properties":{"BoroCode":3,"BoroName":"Brooklyn","HealthArea":8200,"Shape_Leng":24081.5807624,"Shape_Area":21914708.5299}},{"type":"Polygon","id":55,"arcs":[[225,-213,226,227,228]],"properties":{"BoroCode":3,"BoroName":"Brooklyn","HealthArea":7700,"Shape_Leng":16811.0408078,"Shape_Area":9534552.21979}},{"type":"Polygon","id":56,"arcs":[[229,-202,230,231]],"properties":{"BoroCode":3,"BoroName":"Brooklyn","HealthArea":7810,"Shape_Leng":21602.622875,"Shape_Area":21438741.3957}},{"type":"Polygon","id":57,"arcs":[[232,233,234,235,236,237,238]],"properties":{"BoroCode":3,"BoroName":"Brooklyn","HealthArea":3900,"Shape_Leng":26333.5238501,"Shape_Area":23288860.7534}},{"type":"Polygon","id":58,"arcs":[[-152,239,240,241,242]],"properties":{"BoroCode":3,"BoroName":"Brooklyn","HealthArea":4500,"Shape_Leng":15752.0541073,"Shape_Area":9596320.76618}},{"type":"Polygon","id":59,"arcs":[[243,244,245,246,247,248,249,250]],"properties":{"BoroCode":3,"BoroName":"Brooklyn","HealthArea":5020,"Shape_Leng":16422.8969938,"Shape_Area":11480381.8314}},{"type":"Polygon","id":60,"arcs":[[251,-251,252]],"properties":{"BoroCode":3,"BoroName":"Brooklyn","HealthArea":5200,"Shape_Leng":11624.1888302,"Shape_Area":5496329.94623}},{"type":"Polygon","id":61,"arcs":[[253,254,255,256,257,258]],"properties":{"BoroCode":3,"BoroName":"Brooklyn","HealthArea":5510,"Shape_Leng":21454.3946091,"Shape_Area":22205258.0927}},{"type":"Polygon","id":62,"arcs":[[259,-247,260]],"properties":{"BoroCode":3,"BoroName":"Brooklyn","HealthArea":5600,"Shape_Leng":9228.87574743,"Shape_Area":4707949.23852}},{"type":"Polygon","id":63,"arcs":[[261,262,-245,263,264]],"properties":{"BoroCode":3,"BoroName":"Brooklyn","HealthArea":5700,"Shape_Leng":14971.4443022,"Shape_Area":9920352.47811}},{"type":"Polygon","id":64,"arcs":[[265,266,-259,267,-249,268]],"properties":{"BoroCode":3,"BoroName":"Brooklyn","HealthArea":5810,"Shape_Leng":18267.9389466,"Shape_Area":10759073.3113}},{"type":"Polygon","id":65,"arcs":[[269,270,-269,-248,-260]],"properties":{"BoroCode":3,"BoroName":"Brooklyn","HealthArea":5820,"Shape_Leng":15182.2852467,"Shape_Area":7053201.32587}},{"type":"Polygon","id":66,"arcs":[[271,-271,272,273]],"properties":{"BoroCode":3,"BoroName":"Brooklyn","HealthArea":6000,"Shape_Leng":11108.3436742,"Shape_Area":7132584.92483}},{"type":"Polygon","id":67,"arcs":[[274,275,276,-262,277,278]],"properties":{"BoroCode":3,"BoroName":"Brooklyn","HealthArea":6100,"Shape_Leng":12266.6450696,"Shape_Area":6807200.4334}},{"type":"Polygon","id":68,"arcs":[[279,-279,280,-236,281]],"properties":{"BoroCode":3,"BoroName":"Brooklyn","HealthArea":6200,"Shape_Leng":15358.0728597,"Shape_Area":11308429.4006}},{"type":"Polygon","id":69,"arcs":[[282,283,-229,284,285]],"properties":{"BoroCode":3,"BoroName":"Brooklyn","HealthArea":6500,"Shape_Leng":19907.9291732,"Shape_Area":11582176.5097}},{"type":"Polygon","id":70,"arcs":[[-184,-220,-211,286,287]],"properties":{"BoroCode":3,"BoroName":"Brooklyn","HealthArea":6800,"Shape_Leng":15987.040347,"Shape_Area":12997831.0204}},{"type":"Polygon","id":71,"arcs":[[288,-185,-288,289,290,291]],"properties":{"BoroCode":3,"BoroName":"Brooklyn","HealthArea":6900,"Shape_Leng":13368.9022762,"Shape_Area":9433916.71698}},{"type":"Polygon","id":72,"arcs":[[292,293,294,295,296,297]],"properties":{"BoroCode":4,"BoroName":"Queens","HealthArea":2021,"Shape_Leng":28397.5655051,"Shape_Area":35690445.7804}},{"type":"Polygon","id":73,"arcs":[[298,299,300,-295]],"properties":{"BoroCode":4,"BoroName":"Queens","HealthArea":2022,"Shape_Leng":20773.5338176,"Shape_Area":24802163.8364}},{"type":"Polygon","id":74,"arcs":[[301,-134,302,303]],"properties":{"BoroCode":4,"BoroName":"Queens","HealthArea":2200,"Shape_Leng":15961.3756546,"Shape_Area":9206824.22316}},{"type":"Polygon","id":75,"arcs":[[304,305,306]],"properties":{"BoroCode":4,"BoroName":"Queens","HealthArea":221,"Shape_Leng":33567.1251092,"Shape_Area":31275718.9955}},{"type":"Polygon","id":76,"arcs":[[307,-142,-135,-302,308]],"properties":{"BoroCode":4,"BoroName":"Queens","HealthArea":2300,"Shape_Leng":16661.267692,"Shape_Area":12503072.2971}},{"type":"Polygon","id":77,"arcs":[[-238,309,-143,-308,310,311]],"properties":{"BoroCode":4,"BoroName":"Queens","HealthArea":2400,"Shape_Leng":35695.02466,"Shape_Area":47738360.3646}},{"type":"Polygon","id":78,"arcs":[[312,-233,313,314]],"properties":{"BoroCode":4,"BoroName":"Queens","HealthArea":2500,"Shape_Leng":17565.0515115,"Shape_Area":18443168.732}},{"type":"Polygon","id":79,"arcs":[[315,316,317,318,-221,-217]],"properties":{"BoroCode":3,"BoroName":"Brooklyn","HealthArea":8300,"Shape_Leng":17762.5403525,"Shape_Area":13926978.7853}},{"type":"Polygon","id":80,"arcs":[[319,320,-316,-216,321]],"properties":{"BoroCode":3,"BoroName":"Brooklyn","HealthArea":8521,"Shape_Leng":14266.6766569,"Shape_Area":7823613.08978}},{"type":"Polygon","id":81,"arcs":[[322,323,-317,-321,324]],"properties":{"BoroCode":3,"BoroName":"Brooklyn","HealthArea":8522,"Shape_Leng":12313.856995,"Shape_Area":8493638.09644}},{"type":"Polygon","id":82,"arcs":[[325,326,327,328,329]],"properties":{"BoroCode":3,"BoroName":"Brooklyn","HealthArea":8710,"Shape_Leng":15782.1675229,"Shape_Area":14761710.5353}},{"type":"Polygon","id":83,"arcs":[[330,331,332,333,334,335,-326,336]],"properties":{"BoroCode":3,"BoroName":"Brooklyn","HealthArea":8721,"Shape_Leng":25864.9870516,"Shape_Area":20560484.2264}},{"type":"Polygon","id":84,"arcs":[[337,338,339,-337,-330,340,341]],"properties":{"BoroCode":3,"BoroName":"Brooklyn","HealthArea":8722,"Shape_Leng":23595.530092,"Shape_Area":20246236.2397}},{"type":"Polygon","id":85,"arcs":[[342,343,344,-187,-193,345]],"properties":{"BoroCode":3,"BoroName":"Brooklyn","HealthArea":8810,"Shape_Leng":26100.4035579,"Shape_Area":28477997.855}},{"type":"MultiPolygon","id":86,"arcs":[[[346,-339,347]],[[-342,348,-344,349]]],"properties":{"BoroCode":3,"BoroName":"Brooklyn","HealthArea":8821,"Shape_Leng":29933.5812147,"Shape_Area":23174539.2734}},{"type":"Polygon","id":88,"arcs":[[350,351,352,353]],"properties":{"BoroCode":4,"BoroName":"Queens","HealthArea":1011,"Shape_Leng":11033.4786722,"Shape_Area":7405283.79583}},{"type":"Polygon","id":89,"arcs":[[354,-354,355,356,357]],"properties":{"BoroCode":4,"BoroName":"Queens","HealthArea":1012,"Shape_Leng":10148.046055,"Shape_Area":6104399.45212}},{"type":"Polygon","id":90,"arcs":[[358,359,360,361]],"properties":{"BoroCode":4,"BoroName":"Queens","HealthArea":110,"Shape_Leng":16637.9731951,"Shape_Area":12773286.0984}},{"type":"Polygon","id":91,"arcs":[[362,-298,363,364,365]],"properties":{"BoroCode":4,"BoroName":"Queens","HealthArea":1320,"Shape_Leng":25800.4979886,"Shape_Area":31026536.1149}},{"type":"Polygon","id":92,"arcs":[[-303,-139,-150,366,367,368,369]],"properties":{"BoroCode":4,"BoroName":"Queens","HealthArea":1600,"Shape_Leng":19884.27272,"Shape_Area":19577268.216}},{"type":"Polygon","id":93,"arcs":[[370,371,372]],"properties":{"BoroCode":4,"BoroName":"Queens","HealthArea":1821,"Shape_Leng":22348.3212837,"Shape_Area":21669097.036}},{"type":"Polygon","id":94,"arcs":[[373,374,-371,375]],"properties":{"BoroCode":4,"BoroName":"Queens","HealthArea":1822,"Shape_Leng":30990.94479,"Shape_Area":34324718.3735}},{"type":"Polygon","id":95,"arcs":[[376,377,-376,378,379]],"properties":{"BoroCode":4,"BoroName":"Queens","HealthArea":1930,"Shape_Leng":23285.1765359,"Shape_Area":15416544.8719}},{"type":"Polygon","id":96,"arcs":[[380,381,-377,382]],"properties":{"BoroCode":4,"BoroName":"Queens","HealthArea":1940,"Shape_Leng":23398.5268457,"Shape_Area":15296996.0871}},{"type":"Polygon","id":97,"arcs":[[-296,-301,383,384,385]],"properties":{"BoroCode":4,"BoroName":"Queens","HealthArea":2011,"Shape_Leng":22801.9471742,"Shape_Area":23570258.7282}},{"type":"Polygon","id":98,"arcs":[[386,387,388,-360]],"properties":{"BoroCode":4,"BoroName":"Queens","HealthArea":300,"Shape_Leng":19585.3965116,"Shape_Area":18375769.0252}},{"type":"Polygon","id":99,"arcs":[[389,390,391,392,393]],"properties":{"BoroCode":4,"BoroName":"Queens","HealthArea":3220,"Shape_Leng":24299.6450677,"Shape_Area":19408747.1036}},{"type":"Polygon","id":100,"arcs":[[394,-394,395,396,397,398,399]],"properties":{"BoroCode":4,"BoroName":"Queens","HealthArea":3300,"Shape_Leng":30857.5565637,"Shape_Area":32229967.7745}},{"type":"Polygon","id":101,"arcs":[[400,-399,401,402,403]],"properties":{"BoroCode":4,"BoroName":"Queens","HealthArea":3400,"Shape_Leng":32388.7588994,"Shape_Area":46352302.4113}},{"type":"Polygon","id":102,"arcs":[[404,405,406,407]],"properties":{"BoroCode":4,"BoroName":"Queens","HealthArea":3520,"Shape_Leng":27810.2333226,"Shape_Area":37230364.9002}},{"type":"Polygon","id":103,"arcs":[[408,409,410,411]],"properties":{"BoroCode":4,"BoroName":"Queens","HealthArea":3531,"Shape_Leng":32652.24442,"Shape_Area":63539719.5413}},{"type":"Polygon","id":104,"arcs":[[412,413,414,415,416,-387,-359]],"properties":{"BoroCode":4,"BoroName":"Queens","HealthArea":400,"Shape_Leng":23604.5662826,"Shape_Area":15228027.5131}},{"type":"Polygon","id":105,"arcs":[[417,418,419]],"properties":{"BoroCode":4,"BoroName":"Queens","HealthArea":800,"Shape_Leng":25126.9053574,"Shape_Area":31219038.2422}},{"type":"Polygon","id":106,"arcs":[[420,-39,421,422]],"properties":{"BoroCode":1,"BoroName":"Manhattan","HealthArea":5900,"Shape_Leng":8102.45967308,"Shape_Area":3859396.12625}},{"type":"Polygon","id":107,"arcs":[[-121,423,424,-240,-151]],"properties":{"BoroCode":3,"BoroName":"Brooklyn","HealthArea":2720,"Shape_Leng":13051.9284139,"Shape_Area":4865174.41657}},{"type":"Polygon","id":108,"arcs":[[425,426,-366,427,428]],"properties":{"BoroCode":4,"BoroName":"Queens","HealthArea":1310,"Shape_Leng":30225.7903883,"Shape_Area":42653926.1224}},{"type":"Polygon","id":109,"arcs":[[429,-2,430,431]],"properties":{"BoroCode":2,"BoroName":"Bronx","HealthArea":2000,"Shape_Leng":11699.8683171,"Shape_Area":5469372.57292}},{"type":"Polygon","id":110,"arcs":[[432,433,434,-358,435]],"properties":{"BoroCode":4,"BoroName":"Queens","HealthArea":1100,"Shape_Leng":18285.3124706,"Shape_Area":19820508.4147}},{"type":"Polygon","id":111,"arcs":[[-83,-87,-9,436,437,438]],"properties":{"BoroCode":2,"BoroName":"Bronx","HealthArea":2310,"Shape_Leng":12458.3447397,"Shape_Area":6523380.51357}},{"type":"Polygon","id":112,"arcs":[[-8,-15,-56,439,-437]],"properties":{"BoroCode":2,"BoroName":"Bronx","HealthArea":2320,"Shape_Leng":11304.0984072,"Shape_Area":6190378.15775}},{"type":"Polygon","id":113,"arcs":[[440,441,442,443]],"properties":{"BoroCode":1,"BoroName":"Manhattan","HealthArea":2820,"Shape_Leng":7805.14425095,"Shape_Area":3810609.10969}},{"type":"Polygon","id":114,"arcs":[[444,445,446,447,448,-442]],"properties":{"BoroCode":1,"BoroName":"Manhattan","HealthArea":3600,"Shape_Leng":11607.6931659,"Shape_Area":7673444.84743}},{"type":"Polygon","id":115,"arcs":[[-384,449,-402,-398,450,451]],"properties":{"BoroCode":4,"BoroName":"Queens","HealthArea":2720,"Shape_Leng":22107.1143209,"Shape_Area":26046430.2425}},{"type":"Polygon","id":116,"arcs":[[-277,452,-273,-270,-261,-246,-263]],"properties":{"BoroCode":3,"BoroName":"Brooklyn","HealthArea":5900,"Shape_Leng":16224.5135219,"Shape_Area":8442219.64816}},{"type":"Polygon","id":117,"arcs":[[453,-274,-453,-276,454]],"properties":{"BoroCode":3,"BoroName":"Brooklyn","HealthArea":6300,"Shape_Leng":11837.0088432,"Shape_Area":7992310.7461}},{"type":"Polygon","id":118,"arcs":[[-190,455,-186,-289,456,457]],"properties":{"BoroCode":3,"BoroName":"Brooklyn","HealthArea":7000,"Shape_Leng":18445.1866678,"Shape_Area":16011276.9417}},{"type":"Polygon","id":119,"arcs":[[458,459,460,461,462,463,464]],"properties":{"BoroCode":2,"BoroName":"Bronx","HealthArea":1220,"Shape_Leng":23594.3482846,"Shape_Area":18823411.4071}},{"type":"Polygon","id":120,"arcs":[[-255,465,-195,466,467,468]],"properties":{"BoroCode":3,"BoroName":"Brooklyn","HealthArea":5400,"Shape_Leng":21182.8737958,"Shape_Area":13715218.8378}},{"type":"Polygon","id":121,"arcs":[[-194,-191,-458,469,-467]],"properties":{"BoroCode":3,"BoroName":"Brooklyn","HealthArea":7210,"Shape_Leng":17903.9041549,"Shape_Area":17910040.2876}},{"type":"Polygon","id":122,"arcs":[[470,471,472,473,-351,-355,-435]],"properties":{"BoroCode":4,"BoroName":"Queens","HealthArea":1420,"Shape_Leng":20209.6457354,"Shape_Area":17808801.0291}},{"type":"Polygon","id":123,"arcs":[[474,475,476,477,478,479]],"properties":{"BoroCode":1,"BoroName":"Manhattan","HealthArea":710,"Shape_Leng":7484.23239095,"Shape_Area":2616328.35341}},{"type":"Polygon","id":124,"arcs":[[-237,-281,-278,-265,480,481,-144,-310]],"properties":{"BoroCode":3,"BoroName":"Brooklyn","HealthArea":3820,"Shape_Leng":25930.5201444,"Shape_Area":21462510.0867}},{"type":"Polygon","id":125,"arcs":[[-116,-181,482,483,484,485,-124]],"properties":{"BoroCode":3,"BoroName":"Brooklyn","HealthArea":100,"Shape_Leng":17519.7629828,"Shape_Area":11510080.5556}},{"type":"Polygon","id":126,"arcs":[[486,-145,-482]],"properties":{"BoroCode":3,"BoroName":"Brooklyn","HealthArea":3810,"Shape_Leng":5081.12066107,"Shape_Area":1494609.1197}},{"type":"Polygon","id":127,"arcs":[[487,488,489,490,491,492]],"properties":{"BoroCode":1,"BoroName":"Manhattan","HealthArea":4500,"Shape_Leng":36715.6826747,"Shape_Area":14814719.0462}},{"type":"Polygon","id":128,"arcs":[[493,494,495,-173]],"properties":{"BoroCode":2,"BoroName":"Bronx","HealthArea":510,"Shape_Leng":29679.58038,"Shape_Area":18046141.8511}},{"type":"Polygon","id":129,"arcs":[[-408,496,497,-412]],"properties":{"BoroCode":4,"BoroName":"Queens","HealthArea":2920,"Shape_Leng":35353.8434571,"Shape_Area":48307716.1775}},{"type":"MultiPolygon","id":130,"arcs":[[[498,499,500,-445,-441,501,502]]],"properties":{"BoroCode":1,"BoroName":"Manhattan","HealthArea":3300,"Shape_Leng":13306.8555971,"Shape_Area":5784271.56253}},{"type":"Polygon","id":131,"arcs":[[503,504,505,506,507]],"properties":{"BoroCode":1,"BoroName":"Manhattan","HealthArea":1300,"Shape_Leng":8895.3006721,"Shape_Area":3499537.68047}},{"type":"Polygon","id":132,"arcs":[[-507,508,509,510]],"properties":{"BoroCode":1,"BoroName":"Manhattan","HealthArea":1000,"Shape_Leng":7832.20804274,"Shape_Area":3813587.5215}},{"type":"Polygon","id":133,"arcs":[[-506,511,512,-509]],"properties":{"BoroCode":1,"BoroName":"Manhattan","HealthArea":1200,"Shape_Leng":7757.56122417,"Shape_Area":3742136.57077}},{"type":"Polygon","id":134,"arcs":[[-160,-162,513,-168,514,515,-156]],"properties":{"BoroCode":2,"BoroName":"Bronx","HealthArea":4000,"Shape_Leng":11568.4110859,"Shape_Area":6516604.33584}},{"type":"Polygon","id":135,"arcs":[[516,517,518,519]],"properties":{"BoroCode":5,"BoroName":"Staten Island","HealthArea":700,"Shape_Leng":43876.1896509,"Shape_Area":65666960.0272}},{"type":"Polygon","id":136,"arcs":[[520,521,522,-333]],"properties":{"BoroCode":3,"BoroName":"Brooklyn","HealthArea":9120,"Shape_Leng":24649.1052132,"Shape_Area":19135913.0973}},{"type":"Polygon","id":137,"arcs":[[523,524,525,-518]],"properties":{"BoroCode":5,"BoroName":"Staten Island","HealthArea":500,"Shape_Leng":50503.4874589,"Shape_Area":50236376.2635}},{"type":"Polygon","id":138,"arcs":[[526,527,528,529,-58]],"properties":{"BoroCode":2,"BoroName":"Bronx","HealthArea":3310,"Shape_Leng":12232.9091504,"Shape_Area":8419468.83794}},{"type":"Polygon","id":139,"arcs":[[-189,530,531,-322,-215,-182,-456]],"properties":{"BoroCode":3,"BoroName":"Brooklyn","HealthArea":7120,"Shape_Leng":26288.4444099,"Shape_Area":22419898.1265}},{"type":"Polygon","id":140,"arcs":[[-180,532,533,534,535,536,537,538,539,540,541,542,543,-483]],"properties":{"BoroCode":3,"BoroName":"Brooklyn","HealthArea":400,"Shape_Leng":16893.1297053,"Shape_Area":12254025.6169}},{"type":"MultiPolygon","id":141,"arcs":[[[544,545,546,547]]],"properties":{"BoroCode":5,"BoroName":"Staten Island","HealthArea":200,"Shape_Leng":33008.6445724,"Shape_Area":35577843.176}},{"type":"Polygon","id":142,"arcs":[[548,-545,549,-551,551,-553,553,-555,555,556,-558,558,-560,560,-562,562,563]],"properties":{"BoroCode":5,"BoroName":"Staten Island","HealthArea":300,"Shape_Leng":40145.1656374,"Shape_Area":46203576.1604}},{"type":"Polygon","id":143,"arcs":[[564,-564,565,-525]],"properties":{"BoroCode":5,"BoroName":"Staten Island","HealthArea":400,"Shape_Leng":37219.6172181,"Shape_Area":52884968.7291}},{"type":"Polygon","id":144,"arcs":[[566,567,568,-414]],"properties":{"BoroCode":4,"BoroName":"Queens","HealthArea":510,"Shape_Leng":12644.7284542,"Shape_Area":8861048.05779}},{"type":"Polygon","id":145,"arcs":[[569,570,571]],"properties":{"BoroCode":2,"BoroName":"Bronx","HealthArea":3220,"Shape_Leng":71214.8465198,"Shape_Area":53221347.7493}},{"type":"Polygon","id":146,"arcs":[[572,573,574,575,576,577,578,579,-460,580]],"properties":{"BoroCode":2,"BoroName":"Bronx","HealthArea":1320,"Shape_Leng":22893.9369089,"Shape_Area":15465492.1618}},{"type":"Polygon","id":147,"arcs":[[581,582,583,584]],"properties":{"BoroCode":2,"BoroName":"Bronx","HealthArea":810,"Shape_Leng":19435.4880068,"Shape_Area":17474302.7131}},{"type":"Polygon","id":149,"arcs":[[585,-457,-292,586,587]],"properties":{"BoroCode":3,"BoroName":"Brooklyn","HealthArea":5310,"Shape_Leng":17156.1926358,"Shape_Area":10491269.5218}},{"type":"MultiPolygon","id":150,"arcs":[[[588,-55,-53,-41,589,590]]],"properties":{"BoroCode":1,"BoroName":"Manhattan","HealthArea":6300,"Shape_Leng":11149.8295248,"Shape_Area":3834123.58386}},{"type":"Polygon","id":151,"arcs":[[-589,591,592,-61,-51,-54]],"properties":{"BoroCode":1,"BoroName":"Manhattan","HealthArea":7600,"Shape_Leng":12488.3923725,"Shape_Area":8103696.86954}},{"type":"Polygon","id":152,"arcs":[[593,-471,-434,594]],"properties":{"BoroCode":4,"BoroName":"Queens","HealthArea":1500,"Shape_Leng":17669.9526152,"Shape_Area":18264472.481}},{"type":"Polygon","id":153,"arcs":[[595,596,597]],"properties":{"BoroCode":4,"BoroName":"Queens","HealthArea":2170,"Shape_Leng":33596.5265194,"Shape_Area":45665592.3591}},{"type":"Polygon","id":154,"arcs":[[-382,598,599,-314,-239,-312,600,-374,-378]],"properties":{"BoroCode":4,"BoroName":"Queens","HealthArea":1810,"Shape_Leng":36422.1421964,"Shape_Area":48679546.5334}},{"type":"Polygon","id":155,"arcs":[[601,602,-599,-381,603,604]],"properties":{"BoroCode":4,"BoroName":"Queens","HealthArea":1920,"Shape_Leng":28403.5454827,"Shape_Area":32155177.7888}},{"type":"Polygon","id":156,"arcs":[[605,-407,606,607,608,609]],"properties":{"BoroCode":4,"BoroName":"Queens","HealthArea":2820,"Shape_Leng":27523.4845543,"Shape_Area":41958229.9259}},{"type":"Polygon","id":157,"arcs":[[610,-497,-606,611,612]],"properties":{"BoroCode":4,"BoroName":"Queens","HealthArea":2910,"Shape_Leng":22251.3779346,"Shape_Area":27676055.4474}},{"type":"Polygon","id":158,"arcs":[[-105,-101,-88,-72,613,614]],"properties":{"BoroCode":1,"BoroName":"Manhattan","HealthArea":222,"Shape_Leng":19604.7272845,"Shape_Area":8595976.99514}},{"type":"Polygon","id":159,"arcs":[[615,-612,-610,616,617,618,619,620,621]],"properties":{"BoroCode":4,"BoroName":"Queens","HealthArea":2140,"Shape_Leng":68702.375918,"Shape_Area":87265197.647}},{"type":"Polygon","id":160,"arcs":[[622,-622,623,-596]],"properties":{"BoroCode":4,"BoroName":"Queens","HealthArea":2150,"Shape_Leng":45832.6292383,"Shape_Area":68567594.9446}},{"type":"Polygon","id":161,"arcs":[[624,-613,-616,-623,-598]],"properties":{"BoroCode":4,"BoroName":"Queens","HealthArea":2160,"Shape_Leng":32084.8851812,"Shape_Area":55194903.905}},{"type":"Polygon","id":162,"arcs":[[625,626,627,-315,-600,-603]],"properties":{"BoroCode":4,"BoroName":"Queens","HealthArea":2600,"Shape_Leng":22826.6684349,"Shape_Area":25210396.6107}},{"type":"Polygon","id":163,"arcs":[[-397,628,-626,-602,629,-451]],"properties":{"BoroCode":4,"BoroName":"Queens","HealthArea":2710,"Shape_Leng":22205.2974364,"Shape_Area":24146800.5666}},{"type":"Polygon","id":164,"arcs":[[630,631,632,633,-130]],"properties":{"BoroCode":3,"BoroName":"Brooklyn","HealthArea":2100,"Shape_Leng":13838.72133,"Shape_Area":7312633.46309}},{"type":"Polygon","id":165,"arcs":[[634,635,636,-253,637,638,-118,639]],"properties":{"BoroCode":3,"BoroName":"Brooklyn","HealthArea":3600,"Shape_Leng":22938.1389034,"Shape_Area":9673820.52834}},{"type":"Polygon","id":166,"arcs":[[-487,-481,-264,-244,-252,-637,640,-146]],"properties":{"BoroCode":3,"BoroName":"Brooklyn","HealthArea":3700,"Shape_Leng":12882.107803,"Shape_Area":7079780.0374}},{"type":"Polygon","id":167,"arcs":[[-392,641,642,-627,643]],"properties":{"BoroCode":4,"BoroName":"Queens","HealthArea":3100,"Shape_Leng":21264.1919982,"Shape_Area":25759105.0086}},{"type":"Polygon","id":168,"arcs":[[-393,-644,-629,-396]],"properties":{"BoroCode":4,"BoroName":"Queens","HealthArea":3210,"Shape_Leng":17380.1889833,"Shape_Area":17669037.6897}},{"type":"Polygon","id":169,"arcs":[[644,645,-164,-514,646]],"properties":{"BoroCode":2,"BoroName":"Bronx","HealthArea":4100,"Shape_Leng":13801.02617,"Shape_Area":6839565.84964}},{"type":"MultiPolygon","id":170,"arcs":[[[-305,647,648,649]]],"properties":{"BoroCode":4,"BoroName":"Queens","HealthArea":210,"Shape_Leng":48920.5024247,"Shape_Area":40054374.7061}},{"type":"Polygon","id":171,"arcs":[[650,651,-446,-501]],"properties":{"BoroCode":1,"BoroName":"Manhattan","HealthArea":3700,"Shape_Leng":8306.99078722,"Shape_Area":3934774.27767}},{"type":"Polygon","id":172,"arcs":[[652,653,654,-447,-652]],"properties":{"BoroCode":1,"BoroName":"Manhattan","HealthArea":4200,"Shape_Leng":8310.46795878,"Shape_Area":3933268.58509}},{"type":"Polygon","id":173,"arcs":[[655,656,-651,-500]],"properties":{"BoroCode":1,"BoroName":"Manhattan","HealthArea":3800,"Shape_Leng":9399.57468448,"Shape_Area":5045668.38374}},{"type":"Polygon","id":174,"arcs":[[657,658,-653,-657]],"properties":{"BoroCode":1,"BoroName":"Manhattan","HealthArea":4300,"Shape_Leng":8509.91558051,"Shape_Area":3995770.21892}},{"type":"Polygon","id":175,"arcs":[[-242,659,660,661]],"properties":{"BoroCode":3,"BoroName":"Brooklyn","HealthArea":4200,"Shape_Leng":9377.98532235,"Shape_Area":4915867.90707}},{"type":"Polygon","id":176,"arcs":[[-587,-291,662,663,664,665,666]],"properties":{"BoroCode":3,"BoroName":"Brooklyn","HealthArea":4700,"Shape_Leng":29079.4290706,"Shape_Area":34645787.6978}},{"type":"MultiPolygon","id":177,"arcs":[[[667,668,669,670,671,672]]],"properties":{"BoroCode":1,"BoroName":"Manhattan","HealthArea":5000,"Shape_Leng":16294.9528771,"Shape_Area":11220555.1366}},{"type":"Polygon","id":178,"arcs":[[-655,673,674,675,676,-448]],"properties":{"BoroCode":1,"BoroName":"Manhattan","HealthArea":4100,"Shape_Leng":11496.6053184,"Shape_Area":7562792.00476}},{"type":"Polygon","id":179,"arcs":[[677,-671,678,679,680,681,-676]],"properties":{"BoroCode":1,"BoroName":"Manhattan","HealthArea":4800,"Shape_Leng":17230.79616,"Shape_Area":15912645.7632}},{"type":"Polygon","id":180,"arcs":[[-681,682,-489,683,684]],"properties":{"BoroCode":1,"BoroName":"Manhattan","HealthArea":4700,"Shape_Leng":14027.0981801,"Shape_Area":9933771.82487}},{"type":"Polygon","id":181,"arcs":[[-618,685,-293,-363,-427,686,687]],"properties":{"BoroCode":4,"BoroName":"Queens","HealthArea":2121,"Shape_Leng":29081.8921483,"Shape_Area":37850116.8442}},{"type":"Polygon","id":182,"arcs":[[688,689,-110,690,691,692,-111,693]],"properties":{"BoroCode":3,"BoroName":"Brooklyn","HealthArea":1410,"Shape_Leng":17834.7957915,"Shape_Area":11136784.4154}},{"type":"Polygon","id":183,"arcs":[[694,-689,695,696]],"properties":{"BoroCode":3,"BoroName":"Brooklyn","HealthArea":1800,"Shape_Leng":8810.73268302,"Shape_Area":4752107.32385}},{"type":"Polygon","id":184,"arcs":[[697,698,699,-22,-4]],"properties":{"BoroCode":2,"BoroName":"Bronx","HealthArea":2120,"Shape_Leng":11681.7397005,"Shape_Area":4613322.99036}},{"type":"Polygon","id":185,"arcs":[[-688,700,-619]],"properties":{"BoroCode":4,"BoroName":"Queens","HealthArea":2122,"Shape_Leng":28388.2856941,"Shape_Area":39437947.7556}},{"type":"Polygon","id":186,"arcs":[[-203,-230,701,702]],"properties":{"BoroCode":3,"BoroName":"Brooklyn","HealthArea":7910,"Shape_Leng":12318.9738613,"Shape_Area":7816805.08696}},{"type":"Polygon","id":187,"arcs":[[-212,-208,-198,-703,703,-227]],"properties":{"BoroCode":3,"BoroName":"Brooklyn","HealthArea":7920,"Shape_Leng":16824.0842056,"Shape_Area":10830811.8618}},{"type":"Polygon","id":189,"arcs":[[-417,704,705,-388]],"properties":{"BoroCode":4,"BoroName":"Queens","HealthArea":710,"Shape_Leng":27878.743439,"Shape_Area":25702562.6952}},{"type":"Polygon","id":190,"arcs":[[-416,706,707,708,709,-420,710,-712,712,-705]],"properties":{"BoroCode":4,"BoroName":"Queens","HealthArea":720,"Shape_Leng":52820.9684407,"Shape_Area":43162468.7922}},{"type":"Polygon","id":191,"arcs":[[-659,713,714,-674,-654]],"properties":{"BoroCode":1,"BoroName":"Manhattan","HealthArea":4400,"Shape_Leng":9290.01163049,"Shape_Area":4020632.56807}},{"type":"Polygon","id":192,"arcs":[[715,-672,-678,-675,-715]],"properties":{"BoroCode":1,"BoroName":"Manhattan","HealthArea":4900,"Shape_Leng":10386.1895844,"Shape_Area":6501587.58935}},{"type":"Polygon","id":194,"arcs":[[-569,716,717,-707,-415]],"properties":{"BoroCode":4,"BoroName":"Queens","HealthArea":520,"Shape_Leng":17619.3370481,"Shape_Area":9612885.48846}},{"type":"Polygon","id":195,"arcs":[[718,-112,-693,719,720,-534]],"properties":{"BoroCode":3,"BoroName":"Brooklyn","HealthArea":500,"Shape_Leng":17567.8014572,"Shape_Area":12104480.092}},{"type":"Polygon","id":196,"arcs":[[721,-719,-533,-179]],"properties":{"BoroCode":3,"BoroName":"Brooklyn","HealthArea":600,"Shape_Leng":12353.9513627,"Shape_Area":6823126.88089}},{"type":"Polygon","id":197,"arcs":[[722,723,724,725,726,727,728,729]],"properties":{"BoroCode":1,"BoroName":"Manhattan","HealthArea":8400,"Shape_Leng":24947.3769785,"Shape_Area":23468496.6199}},{"type":"MultiPolygon","id":198,"arcs":[[[730,731,-169,-165,-646,732]]],"properties":{"BoroCode":2,"BoroName":"Bronx","HealthArea":4700,"Shape_Leng":30734.5855978,"Shape_Area":20517151.5773}},{"type":"Polygon","id":200,"arcs":[[-567,-413,-362,733,734]],"properties":{"BoroCode":4,"BoroName":"Queens","HealthArea":120,"Shape_Leng":40455.9034761,"Shape_Area":38335948.4489}},{"type":"MultiPolygon","id":201,"arcs":[[[735,736,-571]],[[737,738,739,740,741,-579]]],"properties":{"BoroCode":2,"BoroName":"Bronx","HealthArea":3100,"Shape_Leng":36737.8963339,"Shape_Area":28984725.29}},{"type":"Polygon","id":202,"arcs":[[742,-256,-469,743,744,-424,-120]],"properties":{"BoroCode":3,"BoroName":"Brooklyn","HealthArea":4800,"Shape_Leng":24253.3337648,"Shape_Area":12527036.9626}},{"type":"Polygon","id":204,"arcs":[[-665,745,-286,746,747,748,749]],"properties":{"BoroCode":3,"BoroName":"Brooklyn","HealthArea":4400,"Shape_Leng":79459.6034479,"Shape_Area":33409454.8043}},{"type":"Polygon","id":205,"arcs":[[-285,-228,-704,-702,-232,750,-747]],"properties":{"BoroCode":3,"BoroName":"Brooklyn","HealthArea":7600,"Shape_Leng":24300.1211418,"Shape_Area":21607874.3719}},{"type":"Polygon","id":206,"arcs":[[-465,751,-583,752,753]],"properties":{"BoroCode":2,"BoroName":"Bronx","HealthArea":1210,"Shape_Leng":16548.4502322,"Shape_Area":13421474.4318}},{"type":"MultiPolygon","id":207,"arcs":[[[-755,-756,-757,-758]],[[758,759,760,761,-455,-275,-280,762,763,764]]],"properties":{"BoroCode":3,"BoroName":"Brooklyn","HealthArea":6420,"Shape_Leng":55278.8520738,"Shape_Area":74751647.943}},{"type":"Polygon","id":208,"arcs":[[765,766,767,768]],"properties":{"BoroCode":4,"BoroName":"Queens","HealthArea":3900,"Shape_Leng":12008.8221298,"Shape_Area":6631522.10377}},{"type":"Polygon","id":209,"arcs":[[769,-502,-444,770,771]],"properties":{"BoroCode":1,"BoroName":"Manhattan","HealthArea":2810,"Shape_Leng":8319.53104615,"Shape_Area":4023790.65777}},{"type":"Polygon","id":210,"arcs":[[772,773,774,775,-163,-23,-19,-700]],"properties":{"BoroCode":2,"BoroName":"Bronx","HealthArea":2900,"Shape_Leng":14083.7403604,"Shape_Area":6791899.42895}},{"type":"Polygon","id":211,"arcs":[[776,777,-733,778,779,-775,780]],"properties":{"BoroCode":2,"BoroName":"Bronx","HealthArea":4300,"Shape_Leng":37503.7589043,"Shape_Area":43924134.8375}},{"type":"Polygon","id":212,"arcs":[[-410,781,782,783,784,785,786,787,788,789]],"properties":{"BoroCode":4,"BoroName":"Queens","HealthArea":3620,"Shape_Leng":50529.0684208,"Shape_Area":78356110.0582}},{"type":"MultiPolygon","id":213,"arcs":[[[790,791,-508,-511,792,-476,793]]],"properties":{"BoroCode":1,"BoroName":"Manhattan","HealthArea":800,"Shape_Leng":18968.0618495,"Shape_Area":9668904.31555}},{"type":"MultiPolygon","id":214,"arcs":[[[-66,-62,-593,794]]],"properties":{"BoroCode":1,"BoroName":"Manhattan","HealthArea":8000,"Shape_Leng":9636.27393886,"Shape_Area":4286870.77373}},{"type":"MultiPolygon","id":215,"arcs":[[[-64,-68,795,-79,796,797,798]]],"properties":{"BoroCode":1,"BoroName":"Manhattan","HealthArea":7700,"Shape_Leng":47242.7097939,"Shape_Area":29092418.1646}},{"type":"Polygon","id":216,"arcs":[[-78,799,-797]],"properties":{"BoroCode":1,"BoroName":"Manhattan","HealthArea":8900,"Shape_Leng":15934.1805979,"Shape_Area":4924009.29618}},{"type":"Polygon","id":217,"arcs":[[-635,800,801,-632,802]],"properties":{"BoroCode":3,"BoroName":"Brooklyn","HealthArea":3000,"Shape_Leng":16770.5698329,"Shape_Area":11930267.2939}},{"type":"Polygon","id":218,"arcs":[[-141,-147,-641,-636,-803,-631,-129]],"properties":{"BoroCode":3,"BoroName":"Brooklyn","HealthArea":3100,"Shape_Leng":13844.7190506,"Shape_Area":9609996.13924}},{"type":"Polygon","id":219,"arcs":[[-345,803,-531,-188]],"properties":{"BoroCode":3,"BoroName":"Brooklyn","HealthArea":7310,"Shape_Leng":20121.3835656,"Shape_Area":16827715.6647}},{"type":"Polygon","id":220,"arcs":[[-349,-341,-329,804,-804]],"properties":{"BoroCode":3,"BoroName":"Brooklyn","HealthArea":7320,"Shape_Leng":16479.7659455,"Shape_Area":13452370.3502}},{"type":"Polygon","id":221,"arcs":[[805,806,807,-113,-722,-178,-204]],"properties":{"BoroCode":3,"BoroName":"Brooklyn","HealthArea":1500,"Shape_Leng":14980.6537506,"Shape_Area":10218510.7137}},{"type":"Polygon","id":222,"arcs":[[808,809,810,811,-331,-340,-347]],"properties":{"BoroCode":3,"BoroName":"Brooklyn","HealthArea":8900,"Shape_Leng":56768.8417519,"Shape_Area":18398604.855}},{"type":"Polygon","id":224,"arcs":[[-742,812,813,-461,-580]],"properties":{"BoroCode":2,"BoroName":"Bronx","HealthArea":1310,"Shape_Leng":18064.7591572,"Shape_Area":14402939.1975}},{"type":"MultiPolygon","id":225,"arcs":[[[-547,814,815,816,817]]],"properties":{"BoroCode":5,"BoroName":"Staten Island","HealthArea":100,"Shape_Leng":161898.723895,"Shape_Area":368541916.159}},{"type":"Polygon","id":226,"arcs":[[818,819,820,-97,821]],"properties":{"BoroCode":1,"BoroName":"Manhattan","HealthArea":2100,"Shape_Leng":10821.0775889,"Shape_Area":6549694.40576}},{"type":"Polygon","id":227,"arcs":[[822,-503,-770,823,-820]],"properties":{"BoroCode":1,"BoroName":"Manhattan","HealthArea":2600,"Shape_Leng":12942.7990077,"Shape_Area":6804832.67848}},{"type":"Polygon","id":228,"arcs":[[824,825,-708,-718,826,827]],"properties":{"BoroCode":4,"BoroName":"Queens","HealthArea":1021,"Shape_Leng":16047.2605461,"Shape_Area":12518504.4885}},{"type":"Polygon","id":229,"arcs":[[-474,828,-828,829,-352]],"properties":{"BoroCode":4,"BoroName":"Queens","HealthArea":1022,"Shape_Leng":17002.1750704,"Shape_Area":10666443.4583}},{"type":"Polygon","id":230,"arcs":[[-425,-745,830,-588,-667,831,-660,-241]],"properties":{"BoroCode":3,"BoroName":"Brooklyn","HealthArea":4600,"Shape_Leng":32381.5183465,"Shape_Area":35704666.3551}},{"type":"Polygon","id":231,"arcs":[[-470,-586,-831,-744,-468]],"properties":{"BoroCode":3,"BoroName":"Brooklyn","HealthArea":5320,"Shape_Leng":17779.0433152,"Shape_Area":9512946.42796}},{"type":"Polygon","id":232,"arcs":[[832,833,-92,834,-74]],"properties":{"BoroCode":1,"BoroName":"Manhattan","HealthArea":2310,"Shape_Leng":8725.32816493,"Shape_Area":4744732.28194}},{"type":"Polygon","id":233,"arcs":[[835,836,-493,837,838]],"properties":{"BoroCode":1,"BoroName":"Manhattan","HealthArea":3900,"Shape_Leng":16124.6651243,"Shape_Area":8187377.95315}},{"type":"Polygon","id":234,"arcs":[[839,840,-90,841]],"properties":{"BoroCode":1,"BoroName":"Manhattan","HealthArea":3210,"Shape_Leng":9995.96766488,"Shape_Area":5751326.65935}},{"type":"Polygon","id":235,"arcs":[[842,843,-26,-841]],"properties":{"BoroCode":1,"BoroName":"Manhattan","HealthArea":3220,"Shape_Leng":7822.37173388,"Shape_Area":3801629.35091}},{"type":"Polygon","id":236,"arcs":[[-780,844,-647,-161,-776]],"properties":{"BoroCode":2,"BoroName":"Bronx","HealthArea":3700,"Shape_Leng":8336.23825014,"Shape_Area":3477159.39318}},{"type":"Polygon","id":237,"arcs":[[-779,-645,-845]],"properties":{"BoroCode":2,"BoroName":"Bronx","HealthArea":4200,"Shape_Leng":9016.01544954,"Shape_Area":4269825.06055}},{"type":"Polygon","id":238,"arcs":[[-13,-158,845,846,-57]],"properties":{"BoroCode":2,"BoroName":"Bronx","HealthArea":3320,"Shape_Leng":16971.9316391,"Shape_Area":9547715.06284}},{"type":"Polygon","id":239,"arcs":[[-516,847,-846,-157]],"properties":{"BoroCode":2,"BoroName":"Bronx","HealthArea":3900,"Shape_Leng":8364.5369165,"Shape_Area":4308173.78143}},{"type":"Polygon","id":240,"arcs":[[-172,848,-585,849,-494]],"properties":{"BoroCode":2,"BoroName":"Bronx","HealthArea":610,"Shape_Leng":16211.1058265,"Shape_Area":14401360.794}},{"type":"Polygon","id":241,"arcs":[[850,851,-849,-171]],"properties":{"BoroCode":2,"BoroName":"Bronx","HealthArea":620,"Shape_Leng":31146.53151,"Shape_Area":27453881.187}},{"type":"Polygon","id":242,"arcs":[[852,853,854,855,856,857,858]],"properties":{"BoroCode":2,"BoroName":"Bronx","HealthArea":310,"Shape_Leng":24751.7001113,"Shape_Area":23427120.858}},{"type":"Polygon","id":243,"arcs":[[859,860,861,862]],"properties":{"BoroCode":1,"BoroName":"Manhattan","HealthArea":6400,"Shape_Leng":15944.4582459,"Shape_Area":7721589.60146}},{"type":"Polygon","id":244,"arcs":[[863,-44,-49,864,-860,865,866,867]],"properties":{"BoroCode":1,"BoroName":"Manhattan","HealthArea":5700,"Shape_Leng":20075.0750062,"Shape_Area":17984201.9602}},{"type":"Polygon","id":245,"arcs":[[-865,-48,-65,-799,868,-861]],"properties":{"BoroCode":1,"BoroName":"Manhattan","HealthArea":6800,"Shape_Leng":18572.224377,"Shape_Area":12912894.8916}},{"type":"Polygon","id":246,"arcs":[[869,-423,870,-669]],"properties":{"BoroCode":1,"BoroName":"Manhattan","HealthArea":5800,"Shape_Leng":8113.73691616,"Shape_Area":3789065.14982}},{"type":"MultiPolygon","id":247,"arcs":[[[-590,-40,-421,-870,-668,871]]],"properties":{"BoroCode":1,"BoroName":"Manhattan","HealthArea":6000,"Shape_Leng":20385.7226085,"Shape_Area":8749887.94025}},{"type":"Polygon","id":248,"arcs":[[872,873,-817]],"properties":{"BoroCode":5,"BoroName":"Staten Island","HealthArea":800,"Shape_Leng":136239.825585,"Shape_Area":508788387.301}},{"type":"Polygon","id":249,"arcs":[[874,875,-873,-816,876]],"properties":{"BoroCode":5,"BoroName":"Staten Island","HealthArea":920,"Shape_Leng":109595.821202,"Shape_Area":197018571.143}},{"type":"Polygon","id":250,"arcs":[[-411,-790,877,-400,-401,878,-405]],"properties":{"BoroCode":4,"BoroName":"Queens","HealthArea":3532,"Shape_Leng":44872.7944711,"Shape_Area":69103422.3346}},{"type":"Polygon","id":251,"arcs":[[879,880,881,-76,882,883]],"properties":{"BoroCode":1,"BoroName":"Manhattan","HealthArea":1400,"Shape_Leng":10666.4199349,"Shape_Area":4984955.39526}},{"type":"Polygon","id":252,"arcs":[[-364,-297,-386,884]],"properties":{"BoroCode":4,"BoroName":"Queens","HealthArea":2012,"Shape_Leng":25722.8590333,"Shape_Area":39759396.1846}},{"type":"Polygon","id":253,"arcs":[[885,-833,-73,-882]],"properties":{"BoroCode":1,"BoroName":"Manhattan","HealthArea":1800,"Shape_Leng":7044.85063351,"Shape_Area":3018810.97482}},{"type":"Polygon","id":254,"arcs":[[886,887,-842,-834,-886,-881]],"properties":{"BoroCode":1,"BoroName":"Manhattan","HealthArea":2320,"Shape_Leng":13282.838776,"Shape_Area":4432727.45174}},{"type":"Polygon","id":255,"arcs":[[888,-438,-440,-60,889,890]],"properties":{"BoroCode":2,"BoroName":"Bronx","HealthArea":2210,"Shape_Leng":21458.2117408,"Shape_Area":10892498.3176}},{"type":"Polygon","id":256,"arcs":[[891,-379,-373,892,-825,-829,-473]],"properties":{"BoroCode":4,"BoroName":"Queens","HealthArea":1410,"Shape_Leng":23894.5661237,"Shape_Area":18928390.6852}},{"type":"Polygon","id":257,"arcs":[[-132,893,894,-807,895,-148]],"properties":{"BoroCode":3,"BoroName":"Brooklyn","HealthArea":1710,"Shape_Leng":8604.79355173,"Shape_Area":3542541.40205}},{"type":"Polygon","id":258,"arcs":[[-149,-896,-806,-205,-176,-114,-126,896,-367]],"properties":{"BoroCode":3,"BoroName":"Brooklyn","HealthArea":900,"Shape_Leng":39663.1450532,"Shape_Area":36653380.0572}},{"type":"Polygon","id":259,"arcs":[[-428,-365,-885,-385,-452,-630,-605,897,-595,-433,898,899,-649,900]],"properties":{"BoroCode":4,"BoroName":"Queens","HealthArea":1200,"Shape_Leng":103193.506752,"Shape_Area":124434194.867}},{"type":"Polygon","id":260,"arcs":[[-604,-383,-380,-892,-472,-594,-898]],"properties":{"BoroCode":4,"BoroName":"Queens","HealthArea":1910,"Shape_Leng":26632.9662335,"Shape_Area":19627993.141}},{"type":"Polygon","id":261,"arcs":[[-505,901,-96,902,-512]],"properties":{"BoroCode":1,"BoroName":"Manhattan","HealthArea":1500,"Shape_Leng":10875.8651356,"Shape_Area":5227195.74491}},{"type":"Polygon","id":262,"arcs":[[903,904,-100,-902,-504,-792]],"properties":{"BoroCode":1,"BoroName":"Manhattan","HealthArea":1600,"Shape_Leng":18576.6041685,"Shape_Area":8094168.65225}},{"type":"Polygon","id":263,"arcs":[[-661,-832,-666,-750,905,906,907]],"properties":{"BoroCode":3,"BoroName":"Brooklyn","HealthArea":4300,"Shape_Leng":21095.3243374,"Shape_Area":13839074.7771}},{"type":"Polygon","id":264,"arcs":[[-906,908,909,910]],"properties":{"BoroCode":3,"BoroName":"Brooklyn","HealthArea":2500,"Shape_Leng":12635.92745,"Shape_Area":7240635.97773}},{"type":"MultiPolygon","id":265,"arcs":[[[-912,912,-899,-436,-357,913,914]]],"properties":{"BoroCode":4,"BoroName":"Queens","HealthArea":610,"Shape_Leng":50088.4826822,"Shape_Area":56733779.5928}},{"type":"Polygon","id":266,"arcs":[[915,-917,917,-914,-356,-353,-830,-827,-717,-568,-735]],"properties":{"BoroCode":4,"BoroName":"Queens","HealthArea":620,"Shape_Leng":34343.9515577,"Shape_Area":41714351.6522}},{"type":"Polygon","id":267,"arcs":[[918,-839,919,-27]],"properties":{"BoroCode":1,"BoroName":"Manhattan","HealthArea":3400,"Shape_Leng":14853.0232722,"Shape_Area":7318296.38202}},{"type":"Polygon","id":268,"arcs":[[920,921,-919,-844]],"properties":{"BoroCode":1,"BoroName":"Manhattan","HealthArea":3500,"Shape_Leng":10061.3425192,"Shape_Area":5812706.63252}},{"type":"MultiPolygon","id":269,"arcs":[[[-822,-905,922]]],"properties":{"BoroCode":1,"BoroName":"Manhattan","HealthArea":1700,"Shape_Leng":15375.66891,"Shape_Area":7649096.23425}},{"type":"Polygon","id":270,"arcs":[[-848,-515,-167,-170,-732,923,-527,-847]],"properties":{"BoroCode":2,"BoroName":"Bronx","HealthArea":3800,"Shape_Leng":27847.2794618,"Shape_Area":23103099.4196}},{"type":"Polygon","id":271,"arcs":[[924,925,-836,-922]],"properties":{"BoroCode":1,"BoroName":"Manhattan","HealthArea":4000,"Shape_Leng":9951.31237172,"Shape_Area":5720237.54152}},{"type":"Polygon","id":272,"arcs":[[926,-684,-488,-837,-926]],"properties":{"BoroCode":1,"BoroName":"Manhattan","HealthArea":4600,"Shape_Leng":7997.27809854,"Shape_Area":3853053.87229}},{"type":"Polygon","id":273,"arcs":[[-826,-893,927,928,-709]],"properties":{"BoroCode":4,"BoroName":"Queens","HealthArea":920,"Shape_Leng":25874.4986281,"Shape_Area":16996221.3734}},{"type":"Polygon","id":274,"arcs":[[-741,929,-781,-774,930,-813]],"properties":{"BoroCode":2,"BoroName":"Bronx","HealthArea":3020,"Shape_Leng":28777.9345077,"Shape_Area":25927942.4882}},{"type":"MultiPolygon","id":275,"arcs":[[[931,-777,-930,-740]]],"properties":{"BoroCode":2,"BoroName":"Bronx","HealthArea":3030,"Shape_Leng":45131.4400375,"Shape_Area":31455145.5408}},{"type":"Polygon","id":276,"arcs":[[932,-257,-743,-119,-639]],"properties":{"BoroCode":3,"BoroName":"Brooklyn","HealthArea":4900,"Shape_Leng":15369.2471406,"Shape_Area":12805599.2506}},{"type":"Polygon","id":277,"arcs":[[-250,-268,-258,-933,-638]],"properties":{"BoroCode":3,"BoroName":"Brooklyn","HealthArea":5010,"Shape_Leng":13009.1511293,"Shape_Area":6754993.7154}},{"type":"Polygon","id":278,"arcs":[[-664,933,-283,-746]],"properties":{"BoroCode":3,"BoroName":"Brooklyn","HealthArea":6600,"Shape_Leng":15376.0666386,"Shape_Area":12367515.7511}},{"type":"Polygon","id":279,"arcs":[[-290,-287,-210,-214,-226,-284,-934,-663]],"properties":{"BoroCode":3,"BoroName":"Brooklyn","HealthArea":6700,"Shape_Leng":21146.4912128,"Shape_Area":14323458.6165}},{"type":"Polygon","id":280,"arcs":[[-867,934,935,936]],"properties":{"BoroCode":1,"BoroName":"Manhattan","HealthArea":5600,"Shape_Leng":11260.0658761,"Shape_Area":7312819.51958}},{"type":"Polygon","id":281,"arcs":[[-935,-866,-863,937,938]],"properties":{"BoroCode":1,"BoroName":"Manhattan","HealthArea":6100,"Shape_Leng":17828.2441415,"Shape_Area":6677084.45042}},{"type":"Polygon","id":282,"arcs":[[-479,-38,939,940]],"properties":{"BoroCode":1,"BoroName":"Manhattan","HealthArea":610,"Shape_Leng":9022.12724706,"Shape_Area":4770990.26084}},{"type":"Polygon","id":283,"arcs":[[941,942,-581,-459,-754,943,944]],"properties":{"BoroCode":2,"BoroName":"Bronx","HealthArea":1410,"Shape_Leng":28819.9646282,"Shape_Area":25664058.1105}},{"type":"MultiPolygon","id":284,"arcs":[[[945,-945,946,-851,-175,947]]],"properties":{"BoroCode":2,"BoroName":"Bronx","HealthArea":710,"Shape_Leng":123086.22745,"Shape_Area":160815026.223}},{"type":"Polygon","id":285,"arcs":[[-944,-753,-582,-852,-947]],"properties":{"BoroCode":2,"BoroName":"Bronx","HealthArea":820,"Shape_Leng":26564.5219979,"Shape_Area":36287317.5444}},{"type":"Polygon","id":286,"arcs":[[948,-522,949,-951,951,952]],"properties":{"BoroCode":3,"BoroName":"Brooklyn","HealthArea":9020,"Shape_Leng":44406.0055277,"Shape_Area":29998164.8475}},{"type":"Polygon","id":287,"arcs":[[-523,-949,953,-334]],"properties":{"BoroCode":3,"BoroName":"Brooklyn","HealthArea":9110,"Shape_Leng":11528.4900413,"Shape_Area":7847036.83203}},{"type":"Polygon","id":288,"arcs":[[954,955,956,-907,-911,957,958]],"properties":{"BoroCode":3,"BoroName":"Brooklyn","HealthArea":2400,"Shape_Leng":13795.6307488,"Shape_Area":9104487.6422}},{"type":"Polygon","id":289,"arcs":[[959,-153,-243,-662,-908,-957]],"properties":{"BoroCode":3,"BoroName":"Brooklyn","HealthArea":2600,"Shape_Leng":14744.9812278,"Shape_Area":10219357.5975}},{"type":"Polygon","id":290,"arcs":[[-319,960,961,-224,-222]],"properties":{"BoroCode":3,"BoroName":"Brooklyn","HealthArea":8400,"Shape_Leng":18760.2921904,"Shape_Area":14327827.613}},{"type":"Polygon","id":291,"arcs":[[962,-335,-954,-953,963,-961,-318,-324]],"properties":{"BoroCode":3,"BoroName":"Brooklyn","HealthArea":8620,"Shape_Leng":56085.8401927,"Shape_Area":48158382.2768}},{"type":"Polygon","id":292,"arcs":[[964,965,-942,-946]],"properties":{"BoroCode":2,"BoroName":"Bronx","HealthArea":1420,"Shape_Leng":47173.7643685,"Shape_Area":27489241.6592}},{"type":"MultiPolygon","id":293,"arcs":[[[966,-572,-737,967,-573,-943,-966]]],"properties":{"BoroCode":2,"BoroName":"Bronx","HealthArea":3210,"Shape_Leng":39467.0115852,"Shape_Area":30763603.3975}},{"type":"Polygon","id":294,"arcs":[[-549,-565,-524,-517,968,-877,-815,-546]],"properties":{"BoroCode":5,"BoroName":"Staten Island","HealthArea":600,"Shape_Leng":64862.2538617,"Shape_Area":181013660.898}},{"type":"MultiPolygon","id":295,"arcs":[[[969,-875,-969,-520]]],"properties":{"BoroCode":5,"BoroName":"Staten Island","HealthArea":910,"Shape_Leng":55966.8027936,"Shape_Area":117921001.617}},{"type":"Polygon","id":296,"arcs":[[-328,970,-325,-320,-532,-805]],"properties":{"BoroCode":3,"BoroName":"Brooklyn","HealthArea":8510,"Shape_Leng":19650.1085878,"Shape_Area":17920728.2351}},{"type":"Polygon","id":297,"arcs":[[-336,-963,-323,-971,-327]],"properties":{"BoroCode":3,"BoroName":"Brooklyn","HealthArea":8610,"Shape_Leng":16876.9039913,"Shape_Area":16652655.3942}},{"type":"Polygon","id":298,"arcs":[[971,-196,-466,-254,972]],"properties":{"BoroCode":3,"BoroName":"Brooklyn","HealthArea":5520,"Shape_Leng":25929.4818747,"Shape_Area":22915403.4084}},{"type":"MultiPolygon","id":299,"arcs":[[[-765,973,974]],[[975,976,977]],[[978,-642,-391,979]]],"properties":{"BoroCode":4,"BoroName":"Queens","HealthArea":3611,"Shape_Leng":88078.496136,"Shape_Area":74324766.8425}},{"type":"MultiPolygon","id":300,"arcs":[[[980,981,982]],[[-789,983,-976,-980,-390,-395,-878]]],"properties":{"BoroCode":4,"BoroName":"Queens","HealthArea":3612,"Shape_Leng":273403.758909,"Shape_Area":329309921.52}},{"type":"Polygon","id":301,"arcs":[[-406,-879,-404,984,-607]],"properties":{"BoroCode":4,"BoroName":"Queens","HealthArea":3510,"Shape_Leng":30335.2656889,"Shape_Area":46554925.2208}},{"type":"Polygon","id":302,"arcs":[[-372,-375,-601,-311,-309,-304,-370,985,-928]],"properties":{"BoroCode":4,"BoroName":"Queens","HealthArea":1700,"Shape_Leng":40553.4077825,"Shape_Area":44700816.7255}},{"type":"Polygon","id":303,"arcs":[[-986,-369,986,-418,-710,-929]],"properties":{"BoroCode":4,"BoroName":"Queens","HealthArea":910,"Shape_Leng":40197.3761251,"Shape_Area":42184553.949}},{"type":"Polygon","id":304,"arcs":[[987,-696,-694,-808,-895]],"properties":{"BoroCode":3,"BoroName":"Brooklyn","HealthArea":1720,"Shape_Leng":9123.63679946,"Shape_Area":4777200.0371}},{"type":"Polygon","id":305,"arcs":[[-131,-634,-697,-988,-894]],"properties":{"BoroCode":3,"BoroName":"Brooklyn","HealthArea":1900,"Shape_Leng":12115.7967119,"Shape_Area":6440490.72687}},{"type":"Polygon","id":306,"arcs":[[988,-959,989,-991,991,-993,993,-995,995,-997,997,-999,999,-1001,1001,1002]],"properties":{"BoroCode":3,"BoroName":"Brooklyn","HealthArea":2300,"Shape_Leng":20114.5800742,"Shape_Area":13626149.982}},{"type":"Polygon","id":307,"arcs":[[1003,1004,-955,-989,1005]],"properties":{"BoroCode":3,"BoroName":"Brooklyn","HealthArea":1100,"Shape_Leng":15665.0280464,"Shape_Area":10663263.8067}},{"type":"Polygon","id":308,"arcs":[[-691,-109,-154,-960,-956,-1005]],"properties":{"BoroCode":3,"BoroName":"Brooklyn","HealthArea":1200,"Shape_Leng":19946.7343958,"Shape_Area":10739513.1483}},{"type":"Polygon","id":309,"arcs":[[1006,1007,-1006,-1003,-1009,1009,-1011,1011,-1013,1013,1014]],"properties":{"BoroCode":3,"BoroName":"Brooklyn","HealthArea":1000,"Shape_Leng":17435.3661195,"Shape_Area":10791566.178}},{"type":"MultiPolygon","id":310,"arcs":[[[-720,-692,-1004,-1008,1015]]],"properties":{"BoroCode":3,"BoroName":"Brooklyn","HealthArea":9300,"Shape_Leng":40162.1480928,"Shape_Area":11177189.6792}},{"type":"Polygon","id":311,"arcs":[[1016,-620,-701,-687,-426,1017]],"properties":{"BoroCode":4,"BoroName":"Queens","HealthArea":2110,"Shape_Leng":29635.4548217,"Shape_Area":42643105.8401}},{"type":"MultiPolygon","id":312,"arcs":[[[1018,-1018,-429,-901,-648,-307,1019,-769]]],"properties":{"BoroCode":4,"BoroName":"Queens","HealthArea":222,"Shape_Leng":48307.3929279,"Shape_Area":77074835.7911}},{"type":"Polygon","id":313,"arcs":[[-31,1020,-480,-941,1021,-70]],"properties":{"BoroCode":1,"BoroName":"Manhattan","HealthArea":500,"Shape_Leng":10317.8948137,"Shape_Area":6151175.38405}},{"type":"Polygon","id":314,"arcs":[[1022,1023,1024,-794,-475,-1021,-30,-103,-104,1025]],"properties":{"BoroCode":1,"BoroName":"Manhattan","HealthArea":8600,"Shape_Leng":27437.1690525,"Shape_Area":7799343.43674}},{"type":"Polygon","id":315,"arcs":[[1026,1027,-346,-197,-972]],"properties":{"BoroCode":3,"BoroName":"Brooklyn","HealthArea":7420,"Shape_Leng":22872.5585656,"Shape_Area":26634532.2663}},{"type":"Polygon","id":316,"arcs":[[-1027,-973,-267,1028]],"properties":{"BoroCode":3,"BoroName":"Brooklyn","HealthArea":7510,"Shape_Leng":24449.25865,"Shape_Area":29649644.4571}},{"type":"MultiPolygon","id":317,"arcs":[[[1029,-756,1030,1031,-1029,-266,-272,-454,-762]]],"properties":{"BoroCode":3,"BoroName":"Brooklyn","HealthArea":7520,"Shape_Leng":47011.3241752,"Shape_Area":69050384.9154}},{"type":"MultiPolygon","id":318,"arcs":[[[-809,-348,-338,-350,-343,-1028,-1032,1032]]],"properties":{"BoroCode":3,"BoroName":"Brooklyn","HealthArea":8822,"Shape_Leng":323566.81135,"Shape_Area":234841194.934}},{"type":"MultiPolygon","id":319,"arcs":[[[-764,1033,1034,-974]],[[-979,-978,1035,1036,-234,-313,-628,-643]]],"properties":{"BoroCode":4,"BoroName":"Queens","HealthArea":3000,"Shape_Leng":45116.7784776,"Shape_Area":55057825.4457}},{"type":"Polygon","id":320,"arcs":[[-1037,1037,-1034,-763,-282,-235]],"properties":{"BoroCode":3,"BoroName":"Brooklyn","HealthArea":6410,"Shape_Leng":28065.2955111,"Shape_Area":28267810.9431}},{"type":"Polygon","id":321,"arcs":[[1038,-936,-939,1039,-491]],"properties":{"BoroCode":1,"BoroName":"Manhattan","HealthArea":5500,"Shape_Leng":32952.4368477,"Shape_Area":16340823.973}},{"type":"Polygon","id":322,"arcs":[[1040,1041,-35,-478]],"properties":{"BoroCode":1,"BoroName":"Manhattan","HealthArea":720,"Shape_Leng":8130.46858093,"Shape_Area":3584367.15815}},{"type":"Polygon","id":323,"arcs":[[-510,1042,1043,-1041,-477,-793]],"properties":{"BoroCode":1,"BoroName":"Manhattan","HealthArea":8510,"Shape_Leng":12304.4658582,"Shape_Area":2326017.60209}},{"type":"Polygon","id":324,"arcs":[[-99,1044,1045,1046,-94]],"properties":{"BoroCode":1,"BoroName":"Manhattan","HealthArea":2400,"Shape_Leng":8241.27158125,"Shape_Area":3176166.25217}},{"type":"Polygon","id":325,"arcs":[[-821,-824,-772,1047,-1045,-98]],"properties":{"BoroCode":1,"BoroName":"Manhattan","HealthArea":2500,"Shape_Leng":7836.66682048,"Shape_Area":3546359.36541}},{"type":"Polygon","id":326,"arcs":[[-1048,-771,-443,-449,-677,-682,-685,-927,-925,-921,-843,-840,-888,-1046]],"properties":{"BoroCode":1,"BoroName":"Manhattan","HealthArea":9100,"Shape_Leng":32725.9106829,"Shape_Area":38310737.8676}},{"type":"Polygon","id":327,"arcs":[[1048,-85,1049,1050,1051]],"properties":{"BoroCode":2,"BoroName":"Bronx","HealthArea":1000,"Shape_Leng":20289.0822959,"Shape_Area":12160854.3261}},{"type":"Polygon","id":328,"arcs":[[1052,-1052,1053,-854,1054]],"properties":{"BoroCode":2,"BoroName":"Bronx","HealthArea":420,"Shape_Leng":16525.7967731,"Shape_Area":10389038.4272}},{"type":"Polygon","id":329,"arcs":[[-1050,-84,-439,1055,1056]],"properties":{"BoroCode":2,"BoroName":"Bronx","HealthArea":1600,"Shape_Leng":14763.6206275,"Shape_Area":7443013.55927}},{"type":"Polygon","id":330,"arcs":[[-1051,-1057,1057,-855,-1054]],"properties":{"BoroCode":2,"BoroName":"Bronx","HealthArea":900,"Shape_Leng":14729.8114251,"Shape_Area":9552185.88707}},{"type":"Polygon","id":331,"arcs":[[-1056,-889,1058,1059]],"properties":{"BoroCode":2,"BoroName":"Bronx","HealthArea":1520,"Shape_Leng":13760.9934918,"Shape_Area":5201171.35614}},{"type":"Polygon","id":332,"arcs":[[-1059,-891,1060,1061]],"properties":{"BoroCode":2,"BoroName":"Bronx","HealthArea":1510,"Shape_Leng":16675.3823061,"Shape_Area":7665647.84434}},{"type":"Polygon","id":333,"arcs":[[-1058,-1060,-1062,1062,1063,-856]],"properties":{"BoroCode":2,"BoroName":"Bronx","HealthArea":320,"Shape_Leng":20058.2478487,"Shape_Area":12577925.481}},{"type":"Polygon","id":334,"arcs":[[-850,1064,1065,-859,1066,1067,-495]],"properties":{"BoroCode":2,"BoroName":"Bronx","HealthArea":100,"Shape_Leng":62088.445999,"Shape_Area":121770137.995}},{"type":"Polygon","id":335,"arcs":[[1068,-1055,-853,-1066]],"properties":{"BoroCode":2,"BoroName":"Bronx","HealthArea":410,"Shape_Leng":19093.5083791,"Shape_Area":12553969.8257}},{"type":"Polygon","id":336,"arcs":[[-513,-903,-95,-1047,-887,-880,1069,1070,-1043]],"properties":{"BoroCode":1,"BoroName":"Manhattan","HealthArea":8520,"Shape_Leng":14157.4541811,"Shape_Area":3707720.02253}},{"type":"Polygon","id":337,"arcs":[[-1070,-884,1071,1072]],"properties":{"BoroCode":1,"BoroName":"Manhattan","HealthArea":1100,"Shape_Leng":11691.53443,"Shape_Area":4655108.44567}},{"type":"Polygon","id":338,"arcs":[[-1042,-1044,-1071,-1073,1073,-36]],"properties":{"BoroCode":1,"BoroName":"Manhattan","HealthArea":900,"Shape_Leng":18992.5921145,"Shape_Area":8952334.43894}},{"type":"Polygon","id":339,"arcs":[[-680,1074,-868,-937,-1039,-490,-683]],"properties":{"BoroCode":1,"BoroName":"Manhattan","HealthArea":5200,"Shape_Leng":23900.8751685,"Shape_Area":20765034.369}},{"type":"Polygon","id":340,"arcs":[[-670,-871,-422,-45,-864,-1075,-679]],"properties":{"BoroCode":1,"BoroName":"Manhattan","HealthArea":5300,"Shape_Leng":16485.6066613,"Shape_Area":7405881.72189}},{"type":"Polygon","id":341,"arcs":[[-609,1075,-299,-294,-686,-617]],"properties":{"BoroCode":4,"BoroName":"Queens","HealthArea":2130,"Shape_Leng":27786.6344968,"Shape_Area":39381115.438}},{"type":"Polygon","id":342,"arcs":[[-985,-403,-450,-300,-1076,-608]],"properties":{"BoroCode":4,"BoroName":"Queens","HealthArea":2810,"Shape_Leng":23870.8056369,"Shape_Area":29936588.2832}},{"type":"Polygon","id":343,"arcs":[[-463,1076,-698,-3,-430,1077]],"properties":{"BoroCode":2,"BoroName":"Bronx","HealthArea":2110,"Shape_Leng":12623.17392,"Shape_Area":5788187.73964}},{"type":"Polygon","id":344,"arcs":[[-462,-814,-931,-773,-699,-1077]],"properties":{"BoroCode":2,"BoroName":"Bronx","HealthArea":3010,"Shape_Leng":22233.2631099,"Shape_Area":14964829.5107}},{"type":"MultiPolygon","id":345,"arcs":[[[1078,-106,-615,1079]]],"properties":{"BoroCode":1,"BoroName":"Manhattan","HealthArea":120,"Shape_Leng":24565.1242744,"Shape_Area":13441055.1456}},{"type":"Polygon","id":346,"arcs":[[-802,1080,-695,-633]],"properties":{"BoroCode":3,"BoroName":"Brooklyn","HealthArea":2000,"Shape_Leng":14731.5840728,"Shape_Area":7985375.85936}},{"type":"Polygon","id":347,"arcs":[[-801,-640,-123,-107,-690,-1081]],"properties":{"BoroCode":3,"BoroName":"Brooklyn","HealthArea":2800,"Shape_Leng":16722.8143965,"Shape_Area":10458370.9128}},{"type":"Polygon","id":348,"arcs":[[-584,-752,-464,-1078,-432,1081,-80,-1049,-1053,-1069,-1065]],"properties":{"BoroCode":2,"BoroName":"Bronx","HealthArea":1100,"Shape_Leng":35850.2931129,"Shape_Area":39720880.6636}},{"type":"Polygon","id":349,"arcs":[[-1082,-431,-1,-86,-81]],"properties":{"BoroCode":2,"BoroName":"Bronx","HealthArea":1900,"Shape_Leng":11844.70077,"Shape_Area":5733944.34982}},{"type":"Polygon","id":350,"arcs":[[-958,-910,1082,1083,-1085,1085,-1087,1087,-1089,1089,-1091,1091,-990]],"properties":{"BoroCode":3,"BoroName":"Brooklyn","HealthArea":4000,"Shape_Leng":16611.070744,"Shape_Area":8693729.04828}},{"type":"Polygon","id":351,"arcs":[[-909,-749,1092,-1094,1094,-1083]],"properties":{"BoroCode":3,"BoroName":"Brooklyn","HealthArea":4100,"Shape_Leng":54895.4582517,"Shape_Area":26855199.237}},{"type":"MultiPolygon","id":352,"arcs":[[[-1026,-1079,1095]],[[-1064,1096,1097,-857]]],"properties":{"BoroCode":1,"BoroName":"Manhattan","HealthArea":110,"Shape_Leng":31463.7584114,"Shape_Area":14241383.6224}},{"type":"Polygon","id":353,"arcs":[[-858,-1098,1098,-1100,1100,-1067]],"properties":{"BoroCode":2,"BoroName":"Bronx","HealthArea":200,"Shape_Leng":24266.8603034,"Shape_Area":20591692.9944}}]}},"arcs":[[[6482,8268],[58,-46]],[[6540,8222],[100,-41]],[[6640,8181],[-12,-28]],[[6628,8153],[-75,-34]],[[6553,8119],[-126,-47]],[[6427,8072],[-136,91]],[[6291,8163],[8,32]],[[6299,8195],[9,61]],[[6308,8256],[3,22]],[[6311,8278],[171,-10]],[[6291,8163],[-80,-187]],[[6211,7976],[-46,-61]],[[6165,7915],[-63,183]],[[6102,8098],[50,69]],[[6152,8167],[147,28]],[[6427,8072],[-68,-122]],[[6359,7950],[-121,14]],[[6238,7964],[-27,12]],[[6548,8022],[-30,-58]],[[6518,7964],[-86,-54]],[[6432,7910],[-73,40]],[[6553,8119],[-5,-97]],[[6518,7964],[45,-82]],[[6563,7882],[-184,-56]],[[6379,7826],[53,84]],[[5115,7072],[-65,-122]],[[5050,6950],[-125,69]],[[4925,7019],[65,119]],[[4990,7138],[125,-66]],[[5835,8375],[-97,-245]],[[5738,8130],[-113,73]],[[5625,8203],[44,122]],[[5669,8325],[114,79]],[[5783,8404],[52,-29]],[[5584,7921],[-67,-122]],[[5517,7799],[-143,89]],[[5374,7888],[85,101]],[[5459,7989],[125,-68]],[[4830,5654],[84,-47]],[[4914,5607],[80,-46]],[[4994,5561],[-32,-61]],[[4962,5500],[-90,31]],[[4872,5531],[-117,-14]],[[4755,5517],[27,165]],[[4782,5682],[48,-28]],[[4872,5531],[-89,-181]],[[4783,5350],[-67,26]],[[4716,5376],[16,59]],[[4732,5435],[23,82]],[[4953,5487],[-47,-86]],[[4906,5401],[-38,-86]],[[4868,5315],[-85,35]],[[4962,5500],[-9,-13]],[[5015,5397],[-109,4]],[[4953,5487],[62,-90]],[[6089,8319],[63,-152]],[[6102,8098],[-106,7]],[[5996,8105],[-144,98]],[[5852,8203],[42,123]],[[5894,8326],[195,-7]],[[4868,5315],[47,-105]],[[4915,5210],[-85,-8]],[[4830,5202],[-185,-6]],[[4645,5196],[26,51]],[[4671,5247],[45,129]],[[4830,5202],[11,-119]],[[4841,5083],[-227,-34]],[[4614,5049],[31,147]],[[5674,8467],[-5,-142]],[[5625,8203],[-82,32]],[[5543,8235],[178,438]],[[5721,8673],[-47,-206]],[[5299,7527],[-67,-122]],[[5232,7405],[-76,40]],[[5156,7445],[68,132]],[[5224,7577],[75,-50]],[[4349,4884],[-66,76]],[[4283,4960],[16,15]],[[4299,4975],[50,-91]],[[6579,8536],[2,-51]],[[6581,8485],[-89,-199]],[[6492,8286],[-128,104]],[[6364,8390],[-23,15]],[[6341,8405],[44,176]],[[6385,8581],[194,-45]],[[6492,8286],[-10,-18]],[[6311,8278],[53,112]],[[5674,8467],[65,-20]],[[5739,8447],[44,-43]],[[5216,7254],[-101,-182]],[[4990,7138],[98,187]],[[5088,7325],[128,-71]],[[5589,7307],[-36,-64]],[[5553,7243],[-168,75]],[[5385,7318],[35,62]],[[5420,7380],[169,-73]],[[5705,7242],[-59,-108]],[[5646,7134],[-116,65]],[[5530,7199],[23,44]],[[5589,7307],[116,-65]],[[5739,8447],[38,96]],[[5777,8543],[134,86]],[[5911,8629],[-76,-254]],[[5953,8712],[-42,-83]],[[5777,8543],[155,216]],[[5932,8759],[21,-47]],[[5408,4608],[-3,-243]],[[5405,4365],[-185,180]],[[5220,4545],[-6,159]],[[5214,4704],[194,-96]],[[5498,4856],[-125,-21]],[[5373,4835],[58,101]],[[5431,4936],[67,-80]],[[5675,5405],[-117,-97]],[[5558,5308],[-42,90]],[[5516,5398],[-60,140]],[[5456,5538],[219,-133]],[[5605,4340],[43,-82]],[[5648,4258],[-107,-120]],[[5541,4138],[-227,-133]],[[5314,4005],[65,239]],[[5379,4244],[26,121]],[[5405,4365],[200,-25]],[[5456,5538],[-51,253]],[[5405,5791],[413,-260]],[[5818,5531],[-143,-126]],[[6037,4914],[-12,-104]],[[6025,4810],[-51,-178]],[[5974,4632],[-11,8]],[[5963,4640],[-58,43]],[[5905,4683],[-140,105]],[[5765,4788],[84,43]],[[5849,4831],[188,83]],[[6186,4943],[15,-94]],[[6201,4849],[94,-129]],[[6295,4720],[-54,42]],[[6241,4762],[-216,48]],[[6037,4914],[69,90]],[[6106,5004],[80,-61]],[[6241,4762],[-130,-234]],[[6111,4528],[-137,104]],[[6295,4720],[83,-63]],[[6378,4657],[-12,-17]],[[6366,4640],[-63,-166]],[[6303,4474],[-58,-47]],[[6245,4427],[-53,40]],[[6192,4467],[-81,61]],[[5849,4831],[-60,93]],[[5789,4924],[217,160]],[[6006,5084],[100,-80]],[[5379,4244],[-120,34]],[[5259,4278],[-104,29]],[[5155,4307],[-83,149]],[[5072,4456],[148,89]],[[6238,7964],[10,-191]],[[6248,7773],[-62,-4]],[[6186,7769],[-89,57]],[[6097,7826],[68,89]],[[6379,7826],[-4,-93]],[[6375,7733],[-127,40]],[[6550,7744],[-180,-31]],[[6370,7713],[5,20]],[[6563,7882],[-13,-138]],[[6166,7585],[82,-187]],[[6248,7398],[-141,55]],[[6107,7453],[-106,118]],[[6001,7571],[79,57]],[[6080,7628],[86,-43]],[[6107,7453],[-233,20]],[[5874,7473],[127,98]],[[7345,9318],[-102,43]],[[7243,9361],[-104,44]],[[7139,9405],[184,386]],[[7323,9791],[204,-307]],[[7527,9484],[-182,-166]],[[5558,5308],[0,-4]],[[5558,5304],[22,-188]],[[5580,5116],[-96,-37]],[[5484,5079],[-162,113]],[[5322,5192],[166,185]],[[5488,5377],[28,21]],[[5010,3210],[11,-76]],[[5021,3134],[-255,-39]],[[4766,3095],[126,162]],[[4892,3257],[21,26]],[[4913,3283],[97,-73]],[[5605,3179],[-194,-27]],[[5411,3152],[-201,29]],[[5210,3181],[-99,11]],[[5111,3192],[87,54]],[[5198,3246],[233,151]],[[5431,3397],[174,-218]],[[5737,3190],[-132,-11]],[[5431,3397],[-69,96]],[[5362,3493],[107,10]],[[5469,3503],[259,21]],[[5728,3524],[9,-334]],[[4304,3001],[79,-64]],[[4383,2937],[79,-62]],[[4462,2875],[-212,-330]],[[4250,2545],[-300,153]],[[3950,2698],[139,321]],[[4089,3019],[215,-18]],[[5691,4975],[-111,141]],[[5558,5304],[133,-329]],[[4669,3174],[-28,-133]],[[4641,3041],[-179,-166]],[[4383,2937],[106,136]],[[4489,3073],[36,216]],[[4525,3289],[40,33]],[[4565,3322],[104,-148]],[[4489,3073],[-179,142]],[[4310,3215],[-3,117]],[[4307,3332],[218,-43]],[[5021,3134],[-22,-245]],[[4999,2889],[-33,-42]],[[4966,2847],[-141,70]],[[4825,2917],[-195,74]],[[4630,2991],[11,50]],[[4669,3174],[97,-79]],[[4825,2917],[-180,-231]],[[4645,2686],[-62,-3]],[[4583,2683],[47,308]],[[4583,2683],[-149,-210]],[[4434,2473],[-184,72]],[[4430,3408],[-123,-76]],[[4310,3215],[-151,28]],[[4159,3243],[76,232]],[[4235,3475],[195,-67]],[[4117,3106],[-28,-87]],[[3950,2698],[-94,466]],[[3856,3164],[261,-58]],[[6967,4734],[39,-275]],[[7006,4459],[76,-126]],[[7082,4333],[-266,54]],[[6816,4387],[-67,-25]],[[6749,4362],[-163,123]],[[6586,4485],[373,260]],[[6959,4745],[8,-11]],[[5259,4278],[-74,-63]],[[5185,4215],[-260,-59]],[[4925,4156],[104,181]],[[5029,4337],[126,-30]],[[6148,4222],[84,-7]],[[6232,4215],[-36,-20]],[[6196,4195],[-49,-28]],[[6147,4167],[-187,-108]],[[5960,4059],[-35,-21]],[[5925,4038],[-42,-25]],[[5883,4013],[-35,230]],[[5848,4243],[300,-21]],[[6153,4300],[-5,-78]],[[5848,4243],[305,57]],[[6026,3730],[-449,-37]],[[5577,3693],[-26,109]],[[5551,3802],[128,177]],[[5679,3979],[49,4]],[[5728,3983],[119,10]],[[5847,3993],[179,-263]],[[6174,4030],[-214,29]],[[6147,4167],[27,-137]],[[6513,4260],[-84,-111]],[[6429,4149],[-233,46]],[[6232,4215],[167,94]],[[6399,4309],[114,-49]],[[6217,3807],[6,-37]],[[6223,3770],[-197,-40]],[[5847,3993],[36,20]],[[5925,4038],[292,-231]],[[6174,4030],[15,-72]],[[6189,3958],[28,-151]],[[6421,3845],[-204,-38]],[[6189,3958],[185,36]],[[6374,3994],[47,-149]],[[6648,4085],[-82,-15]],[[6566,4070],[-117,-23]],[[6449,4047],[-20,102]],[[6513,4260],[82,15]],[[6595,4275],[53,-190]],[[6863,4166],[-215,-81]],[[6595,4275],[154,87]],[[6816,4387],[47,-221]],[[4372,3651],[142,-137]],[[4514,3514],[-84,-106]],[[4235,3475],[-109,-44]],[[4126,3431],[246,220]],[[4565,3322],[142,127]],[[4707,3449],[185,-192]],[[4952,3486],[-39,-203]],[[4707,3449],[90,79]],[[4797,3528],[12,11]],[[4809,3539],[143,-53]],[[8294,5986],[-31,-213]],[[8263,5773],[39,-133]],[[8302,5640],[-297,-153]],[[8005,5487],[-75,137]],[[7930,5624],[15,337]],[[7945,5961],[349,25]],[[8302,5640],[64,-322]],[[8366,5318],[-308,-79]],[[8058,5239],[-53,248]],[[6454,5015],[-253,-166]],[[6186,4943],[125,224]],[[6311,5167],[143,-152]],[[7794,6996],[-80,195]],[[7714,7191],[632,-201]],[[8346,6990],[-552,6]],[[6465,4986],[-87,-329]],[[6454,5015],[11,-29]],[[6586,4485],[-220,155]],[[6465,4986],[279,29]],[[6744,5015],[215,-270]],[[7320,4578],[-314,-119]],[[6967,4734],[283,68]],[[7250,4802],[70,-224]],[[4966,2847],[-158,-201]],[[4808,2646],[28,-49]],[[4836,2597],[-32,-40]],[[4804,2557],[-159,129]],[[5067,2683],[-84,-11]],[[4983,2672],[-175,-26]],[[4999,2889],[68,-206]],[[5015,2449],[-69,-10]],[[4946,2439],[-110,158]],[[4983,2672],[32,-223]],[[5482,2410],[-182,-26]],[[5300,2384],[-6,107]],[[5294,2491],[-5,113]],[[5289,2604],[281,40]],[[5570,2644],[-88,-234]],[[5615,2218],[41,-140]],[[5656,2078],[-219,-16]],[[5437,2062],[-118,15]],[[5319,2077],[-4,43]],[[5315,2120],[-7,155]],[[5308,2275],[-8,109]],[[5482,2410],[133,-192]],[[5637,2673],[132,-156]],[[5769,2517],[66,-78]],[[5835,2439],[-220,-221]],[[5570,2644],[9,62]],[[5579,2706],[58,-33]],[[6032,3213],[-296,-255]],[[5736,2958],[-225,-148]],[[5511,2810],[-100,342]],[[5737,3190],[295,23]],[[5868,2401],[-33,38]],[[5769,2517],[99,-116]],[[5579,2706],[-68,104]],[[5736,2958],[-99,-285]],[[6789,6009],[-135,-18]],[[6654,5991],[-42,187]],[[6612,6178],[151,21]],[[6763,6199],[26,-190]],[[6949,6033],[-160,-24]],[[6763,6199],[33,4]],[[6796,6203],[78,11]],[[6874,6214],[75,-181]],[[6215,6516],[-178,62]],[[6037,6578],[-147,116]],[[5890,6694],[149,137]],[[6039,6831],[176,-315]],[[8290,6239],[4,-253]],[[7945,5961],[-22,25]],[[7923,5986],[-95,278]],[[7828,6264],[462,-25]],[[6006,5084],[-39,112]],[[5967,5196],[30,60]],[[5997,5256],[199,72]],[[6196,5328],[115,-161]],[[6848,5592],[-346,-305]],[[6502,5287],[-32,407]],[[6470,5694],[378,-102]],[[7125,5180],[-366,-18]],[[6759,5162],[-257,125]],[[6848,5592],[277,-412]],[[7154,5542],[13,-408]],[[7167,5134],[-42,46]],[[6848,5592],[121,48]],[[6969,5640],[185,-98]],[[7334,5474],[-138,-347]],[[7196,5127],[-29,7]],[[7154,5542],[180,-68]],[[8058,5239],[-223,21]],[[7835,5260],[-206,268]],[[7629,5528],[301,96]],[[6037,6578],[-110,-231]],[[5927,6347],[-149,210]],[[5778,6557],[112,137]],[[8293,4235],[-270,32]],[[8023,4267],[-171,25]],[[7852,4292],[-89,240]],[[7763,4532],[294,21]],[[8057,4553],[236,-318]],[[8414,4217],[-121,18]],[[8057,4553],[-103,241]],[[7954,4794],[-14,30]],[[7940,4824],[216,80]],[[8156,4904],[280,-691]],[[8436,4213],[-22,4]],[[8743,4474],[-307,-261]],[[8156,4904],[44,15]],[[8200,4919],[110,38]],[[8310,4957],[433,-483]],[[9215,4770],[-340,-108]],[[8875,4662],[-104,425]],[[8771,5087],[339,134]],[[9110,5221],[105,-451]],[[9531,4549],[-41,-490]],[[9490,4059],[-307,0]],[[9183,4059],[32,711]],[[9215,4770],[316,-221]],[[6215,6516],[-13,-14]],[[6202,6502],[-73,-119]],[[6129,6383],[-192,-280]],[[5937,6103],[-56,-2]],[[5881,6101],[46,246]],[[6025,5979],[-145,-451]],[[5880,5528],[-227,270]],[[5653,5798],[372,181]],[[4994,5755],[-80,-148]],[[4830,5654],[81,148]],[[4911,5802],[83,-47]],[[5314,4005],[-11,-21]],[[5303,3984],[-118,231]],[[8278,6601],[185,-267]],[[8463,6334],[-173,-95]],[[7828,6264],[-73,275]],[[7755,6539],[523,62]],[[6774,8325],[-134,-144]],[[6540,8222],[151,183]],[[6691,8405],[83,-80]],[[7218,6250],[1,-225]],[[7219,6025],[-243,-93]],[[6976,5932],[-27,101]],[[6874,6214],[344,36]],[[6308,8256],[-214,63]],[[6094,8319],[139,161]],[[6233,8480],[108,-75]],[[6089,8319],[5,0]],[[5528,6921],[-59,-105]],[[5469,6816],[-116,63]],[[5353,6879],[59,107]],[[5412,6986],[116,-65]],[[5469,6816],[-16,-31]],[[5453,6785],[-85,-153]],[[5368,6632],[-17,-32]],[[5351,6600],[-116,65]],[[5235,6665],[118,214]],[[8058,5239],[142,-320]],[[7940,4824],[-207,418]],[[7733,5242],[102,18]],[[6449,4047],[-75,-53]],[[6469,3854],[-48,-9]],[[6566,4070],[-97,-216]],[[5111,3192],[-101,18]],[[4952,3486],[173,96]],[[5125,3582],[73,-336]],[[7275,8444],[63,-104]],[[7338,8340],[-99,-83]],[[7239,8257],[-349,-65]],[[6890,8192],[-104,6]],[[6786,8198],[30,55]],[[6816,8253],[138,166]],[[6954,8419],[321,25]],[[5577,3693],[-108,-190]],[[5362,3493],[-20,184]],[[5342,3677],[31,277]],[[5373,3954],[178,-152]],[[5125,3582],[217,95]],[[6976,5932],[33,-184]],[[7009,5748],[-153,-58]],[[6856,5690],[-188,218]],[[6668,5908],[-14,83]],[[5695,8037],[-18,-69]],[[5677,7968],[27,-14]],[[5704,7954],[-36,-80]],[[5668,7874],[-84,47]],[[5584,7921],[67,122]],[[5651,8043],[44,-6]],[[6399,4309],[-72,56]],[[6327,4365],[-24,109]],[[5488,5377],[-136,64]],[[5352,5441],[-74,203]],[[5278,5644],[0,6]],[[5278,5650],[127,141]],[[6327,4365],[-82,62]],[[4815,6524],[-34,-62]],[[4781,6462],[35,-176]],[[4816,6286],[-65,-122]],[[4751,6164],[-221,129]],[[4530,6293],[180,306]],[[4710,6599],[105,-75]],[[7139,9405],[-69,29]],[[7070,9434],[-93,266]],[[6977,9700],[346,91]],[[9110,5221],[343,167]],[[9453,5388],[78,-839]],[[5616,6837],[20,-132]],[[5636,6705],[-100,33]],[[5536,6738],[-83,47]],[[5528,6921],[9,17]],[[5537,6938],[79,-101]],[[5756,7610],[-109,-197]],[[5647,7413],[-58,32]],[[5589,7445],[67,119]],[[5656,7564],[42,78]],[[5698,7642],[58,-32]],[[5656,7564],[-104,58]],[[5552,7622],[68,121]],[[5620,7743],[78,-101]],[[5589,7445],[-101,57]],[[5488,7502],[64,120]],[[6370,7713],[-204,-128]],[[6080,7628],[31,26]],[[6111,7654],[75,115]],[[2949,2457],[22,236]],[[2971,2693],[319,426]],[[3290,3119],[234,-789]],[[3524,2330],[-575,127]],[[5437,2062],[-106,-208]],[[5331,1854],[-1,31]],[[5330,1885],[-11,192]],[[2971,2693],[-234,174]],[[2737,2867],[532,686]],[[3269,3553],[21,-434]],[[5996,8105],[-192,-190]],[[5804,7915],[-9,111]],[[5795,8026],[0,3]],[[5795,8029],[57,174]],[[5210,3181],[48,-342]],[[5258,2839],[-191,-156]],[[5322,5192],[-28,-61]],[[5294,5131],[-127,36]],[[5167,5167],[33,122]],[[5200,5289],[1,1]],[[5201,5290],[13,18]],[[5214,5308],[27,36]],[[5241,5344],[0,3]],[[5241,5347],[5,8]],[[5246,5355],[1,4]],[[5247,5359],[36,71]],[[5283,5430],[1,3]],[[5284,5433],[68,8]],[[2314,3413],[-62,-200]],[[2252,3213],[-141,-158]],[[2111,3055],[-88,368]],[[2023,3423],[291,-10]],[[2620,2969],[-368,244]],[[2314,3413],[17,22]],[[2332,3435],[-1,0]],[[2332,3435],[58,27]],[[2391,3462],[-1,0]],[[2391,3462],[15,1]],[[2407,3463],[-1,0]],[[2407,3463],[2,0]],[[2409,3463],[6,3]],[[2416,3464],[-1,2]],[[2416,3464],[0,0]],[[2416,3463],[0,1]],[[2416,3463],[1,0]],[[2418,3463],[-1,0]],[[2418,3463],[379,87]],[[2797,3550],[-177,-581]],[[2737,2867],[-117,102]],[[2797,3550],[472,3]],[[6202,6502],[161,-35]],[[6363,6467],[-104,-164]],[[6259,6303],[-130,80]],[[7951,7852],[-468,-216]],[[7483,7636],[51,286]],[[7534,7922],[417,-70]],[[7491,8218],[-6,-30]],[[7485,8188],[2,-93]],[[7487,8095],[-1,0]],[[7486,8095],[-4,-1]],[[7482,8094],[5,-25]],[[7487,8069],[-60,-144]],[[7427,7925],[-158,134]],[[7269,8059],[-30,198]],[[7338,8340],[153,-122]],[[7109,9044],[-23,-418]],[[7086,8626],[-119,-5]],[[6967,8621],[-18,485]],[[6949,9106],[160,-62]],[[5115,3626],[10,-44]],[[4809,3539],[267,263]],[[5076,3802],[39,-176]],[[5088,5362],[-73,35]],[[4994,5561],[116,-66]],[[5110,5495],[-22,-133]],[[5088,5362],[-57,-196]],[[5031,5166],[-116,44]],[[7344,5791],[-335,-43]],[[7219,6025],[125,-234]],[[9478,5996],[277,290]],[[9755,6286],[55,-776]],[[9810,5510],[-332,486]],[[7196,5127],[334,-78]],[[7530,5049],[-280,-247]],[[6744,5015],[15,147]],[[7640,5202],[-12,-195]],[[7628,5007],[-98,42]],[[7334,5474],[139,72]],[[7473,5546],[167,-344]],[[8979,5485],[131,-264]],[[8771,5087],[-194,-20]],[[8577,5067],[-109,267]],[[8468,5334],[140,59]],[[8608,5393],[371,92]],[[9491,5410],[-38,-22]],[[8979,5485],[179,150]],[[9158,5635],[333,-225]],[[5721,8673],[99,237]],[[5820,8910],[112,-151]],[[9393,5881],[-235,-246]],[[8608,5393],[28,500]],[[8636,5893],[75,21]],[[8711,5914],[221,480]],[[8932,6394],[99,23]],[[9031,6417],[6,0]],[[9037,6417],[356,-536]],[[9478,5996],[-85,-115]],[[9037,6417],[718,-131]],[[9810,5510],[-319,-100]],[[7628,5007],[66,-288]],[[7694,4719],[-291,-109]],[[7403,4610],[-83,-32]],[[7954,4794],[-260,-75]],[[7640,5202],[93,40]],[[5963,4640],[5,-36]],[[5968,4604],[-210,-84]],[[5758,4520],[-123,123]],[[5635,4643],[270,40]],[[5674,4380],[336,-23]],[[6010,4357],[196,-14]],[[6206,4343],[-53,-43]],[[5848,4243],[-99,29]],[[5749,4272],[-101,-14]],[[5605,4340],[69,40]],[[6206,4343],[-14,124]],[[7852,4292],[-365,91]],[[7487,4383],[-84,227]],[[7694,4719],[69,-187]],[[6369,7711],[-26,-231]],[[6343,7480],[-95,-82]],[[6370,7713],[-1,-2]],[[7794,6996],[-48,-188]],[[7746,6808],[-438,-38]],[[7308,6770],[406,421]],[[5536,6738],[-85,-153]],[[5451,6585],[-83,47]],[[5451,6585],[-85,-155]],[[5366,6430],[-82,47]],[[5284,6477],[67,123]],[[5636,6705],[-92,-174]],[[5544,6531],[-93,54]],[[5544,6531],[-86,-132]],[[5458,6399],[-92,31]],[[4925,4156],[-86,54]],[[4839,4210],[88,156]],[[4927,4366],[102,-29]],[[4797,3528],[-88,71]],[[4709,3599],[-148,139]],[[4561,3738],[206,183]],[[4767,3921],[0,174]],[[4767,4095],[309,-293]],[[5110,5886],[-33,17]],[[5077,5903],[-83,47]],[[4994,5950],[65,120]],[[5059,6070],[99,180]],[[5158,6250],[132,-76]],[[5290,6174],[-180,-288]],[[5284,6477],[-42,-75]],[[5242,6402],[-9,-15]],[[5233,6387],[-114,65]],[[5119,6452],[116,213]],[[5233,6387],[-75,-137]],[[5059,6070],[-58,32]],[[5001,6102],[-82,126]],[[4919,6228],[108,198]],[[5027,6426],[92,26]],[[4919,6228],[-103,58]],[[4781,6462],[151,16]],[[4932,6478],[95,-52]],[[8636,5893],[-373,-120]],[[8463,6334],[116,13]],[[8579,6347],[132,-433]],[[5514,4749],[-41,-131]],[[5473,4618],[-65,-10]],[[5214,4704],[-63,62]],[[5151,4766],[117,47]],[[5268,4813],[105,22]],[[5498,4856],[16,-107]],[[5635,4643],[-162,-25]],[[5514,4749],[102,17]],[[5616,4766],[19,-123]],[[6628,8153],[91,-63]],[[6719,8090],[-30,-136]],[[6689,7954],[-141,68]],[[8579,6347],[353,47]],[[4117,3106],[27,87]],[[4144,3193],[160,-192]],[[4144,3193],[15,50]],[[5881,6101],[-397,77]],[[5484,6178],[294,379]],[[5937,6103],[270,20]],[[6207,6123],[18,-76]],[[6225,6047],[-161,-7]],[[6064,6040],[-39,-61]],[[5653,5798],[-359,23]],[[5296,5824],[-2,-3]],[[5296,5824],[188,354]],[[5458,6399],[-73,-96]],[[5385,6303],[-143,99]],[[5385,6303],[-95,-129]],[[6259,6303],[-43,-180]],[[6216,6123],[-9,0]],[[5294,5131],[137,-195]],[[5268,4813],[-116,217]],[[5152,5030],[15,137]],[[5484,5079],[-53,-143]],[[5910,7181],[8,66]],[[5918,7247],[2,2]],[[5920,7249],[1,3]],[[5921,7252],[0,1]],[[5921,7253],[0,5]],[[5921,7258],[1,2]],[[5922,7260],[-12,-79]],[[5910,7181],[0,0]],[[6359,7362],[-532,69]],[[5827,7431],[47,42]],[[6343,7480],[16,-118]],[[6039,6831],[506,-142]],[[6545,6689],[-182,-222]],[[7483,7636],[-45,292]],[[7438,7928],[96,-6]],[[7427,7925],[-51,-405]],[[7376,7520],[-98,68]],[[7278,7588],[-75,210]],[[7203,7798],[-90,239]],[[7113,8037],[156,22]],[[5541,4138],[138,-159]],[[5373,3954],[-105,-36]],[[5268,3918],[35,66]],[[4561,3738],[-189,-87]],[[4126,3431],[-114,87]],[[4012,3518],[609,666]],[[4621,4184],[4,5]],[[4625,4189],[142,-268]],[[3856,3164],[156,354]],[[6954,8419],[13,202]],[[7086,8626],[94,3]],[[7180,8629],[95,-185]],[[6603,3599],[7,-10]],[[6606,3596],[-3,3]],[[6607,3594],[-1,2]],[[6610,3589],[-3,5]],[[7123,3766],[15,-35]],[[7138,3731],[36,-48]],[[7174,3683],[-605,-33]],[[6569,3650],[-100,204]],[[6863,4166],[245,-384]],[[7108,3782],[1,-1]],[[7109,3781],[14,-15]],[[8527,7033],[16,51]],[[8543,7084],[2,0]],[[8545,7084],[80,-115]],[[8625,6969],[-98,64]],[[5586,7027],[-49,-89]],[[5412,6986],[67,122]],[[5479,7108],[107,-81]],[[6689,7954],[2,-36]],[[6691,7918],[-11,-127]],[[6680,7791],[-116,-62]],[[6564,7729],[-14,15]],[[6742,7679],[77,-61]],[[6819,7618],[-460,-256]],[[6343,7480],[138,142]],[[6481,7622],[83,107]],[[6680,7791],[62,-112]],[[9490,4059],[-337,-697]],[[9153,3362],[0,8]],[[9153,3370],[0,2]],[[9153,3372],[9,26]],[[9162,3398],[0,1]],[[9162,3399],[-122,205]],[[9040,3604],[-25,-3]],[[9015,3601],[-217,483]],[[8798,4084],[385,-25]],[[5780,8108],[10,-400]],[[5790,7708],[-34,-98]],[[5620,7743],[84,211]],[[5677,7968],[103,140]],[[5031,5166],[-190,-83]],[[4614,5049],[-265,-165]],[[4299,4975],[66,341]],[[4365,5316],[19,125]],[[4384,5441],[287,-194]],[[4283,4960],[82,356]],[[5674,4380],[-9,54]],[[5665,4434],[93,86]],[[5968,4604],[42,-247]],[[5511,2810],[-253,29]],[[5289,2604],[-31,235]],[[5691,4975],[42,-69]],[[5733,4906],[-89,-28]],[[5644,4878],[-146,-22]],[[5868,2401],[206,-245]],[[6074,2156],[-140,-39]],[[5934,2117],[-108,-44]],[[5826,2073],[-170,5]],[[7113,8037],[-42,-7]],[[7071,8030],[-181,162]],[[2111,3055],[201,-1143]],[[2312,1912],[-769,-363]],[[1543,1549],[-650,452]],[[893,2001],[1130,1422]],[[5873,7145],[-104,-100]],[[5769,7045],[-148,43]],[[5621,7088],[25,46]],[[5705,7242],[168,-97]],[[5769,7045],[-153,-208]],[[5586,7027],[35,61]],[[6566,5889],[-102,-7]],[[6464,5882],[-239,165]],[[6216,6123],[138,19]],[[6354,6142],[212,-253]],[[6668,5908],[-102,-19]],[[6354,6142],[258,36]],[[5268,3918],[-153,-292]],[[4767,4095],[72,115]],[[5232,7405],[52,-29]],[[5284,7376],[-68,-122]],[[5088,7325],[68,120]],[[4947,6766],[-100,-183]],[[4847,6583],[-32,-59]],[[4710,6599],[104,202]],[[4814,6801],[133,-35]],[[5319,7198],[-100,-183]],[[5219,7015],[-104,57]],[[5216,7254],[103,-56]],[[5219,7015],[-67,-122]],[[5152,6893],[-102,57]],[[6481,7622],[-112,89]],[[6097,7826],[-65,-56]],[[6032,7770],[-36,335]],[[6111,7654],[-79,116]],[[7243,9361],[-134,-317]],[[6949,9106],[121,328]],[[7345,9318],[343,-622]],[[7688,8696],[-579,348]],[[6633,9256],[25,-132]],[[6658,9124],[-135,-178]],[[6523,8946],[-62,-68]],[[6461,8878],[-197,119]],[[6264,8997],[12,75]],[[6276,9072],[127,235]],[[6403,9307],[230,-51]],[[4583,5617],[-34,-81]],[[4549,5536],[-155,-2]],[[4394,5534],[14,185]],[[4408,5719],[175,-102]],[[4887,5893],[-105,-211]],[[4732,5435],[-183,101]],[[4583,5617],[73,134]],[[4656,5751],[64,116]],[[4720,5867],[167,26]],[[4384,5441],[10,93]],[[5077,5903],[-83,-148]],[[4911,5802],[83,148]],[[5110,5886],[0,-391]],[[1543,1549],[178,-804]],[[1721,745],[-828,1256]],[[2443,1900],[463,-313]],[[2906,1587],[-1185,-842]],[[2312,1912],[131,-12]],[[8798,4084],[-384,133]],[[8743,4474],[132,188]],[[5462,7517],[-52,-33]],[[5410,7484],[-59,14]],[[5351,7498],[-52,29]],[[5224,7577],[59,99]],[[5283,7676],[179,-159]],[[7629,5528],[294,458]],[[5351,7498],[-67,-122]],[[5410,7484],[-58,-226]],[[5352,7258],[-33,-60]],[[6122,8448],[111,32]],[[5894,8326],[163,287]],[[6057,8613],[65,-165]],[[6856,5690],[113,-50]],[[6470,5694],[-6,188]],[[5765,4788],[-53,40]],[[5712,4828],[-68,50]],[[5733,4906],[56,18]],[[5818,5531],[149,-335]],[[7473,5546],[-129,245]],[[7218,6250],[-106,133]],[[7112,6383],[196,387]],[[7746,6808],[9,-269]],[[5647,7413],[-58,-106]],[[5420,7380],[68,122]],[[5790,7708],[-7,-206]],[[5783,7502],[-78,-260]],[[4625,4189],[196,213]],[[4821,4402],[29,6]],[[4850,4408],[77,-42]],[[4625,4189],[42,235]],[[4667,4424],[25,64]],[[4692,4488],[129,-86]],[[6954,6910],[-1,0]],[[6954,6910],[158,-527]],[[6796,6203],[-207,411]],[[6589,6614],[364,296]],[[6545,6689],[2,-43]],[[6577,6615],[-30,31]],[[6577,6615],[12,-1]],[[5050,6950],[-103,-184]],[[4814,6801],[111,218]],[[5152,6893],[-102,-185]],[[5050,6708],[-103,58]],[[5783,7502],[90,-357]],[[5827,7431],[-23,484]],[[5050,6708],[-100,-181]],[[4950,6527],[-103,56]],[[4950,6527],[-18,-49]],[[6470,5694],[-90,-25]],[[6380,5669],[-316,371]],[[7203,7798],[-461,-119]],[[6691,7918],[380,112]],[[7278,7588],[-459,30]],[[5749,4272],[-21,-289]],[[4709,3599],[-195,-85]],[[4656,5751],[-205,113]],[[4451,5864],[64,118]],[[4515,5982],[205,-115]],[[4408,5719],[27,152]],[[4435,5871],[16,-7]],[[5459,7989],[53,131]],[[5512,8120],[139,-77]],[[7635,8566],[-115,-359]],[[7520,8207],[-29,11]],[[7180,8629],[507,65]],[[7687,8694],[-52,-128]],[[7926,8415],[-291,151]],[[7687,8694],[1,2]],[[7527,9484],[399,-1069]],[[5200,2109],[130,-224]],[[5331,1854],[-776,-51]],[[4767,1984],[-212,-181]],[[4767,1984],[14,32]],[[4781,2016],[419,93]],[[5200,2109],[115,11]],[[4862,4637],[31,-15]],[[4893,4622],[78,-80]],[[4971,4542],[-121,-134]],[[4692,4488],[8,25]],[[4700,4513],[162,124]],[[4971,4542],[101,-86]],[[4804,2557],[-269,-174]],[[4535,2383],[-101,90]],[[4946,2439],[362,-164]],[[4781,2016],[-246,367]],[[7926,8415],[-17,-311]],[[7909,8104],[-389,103]],[[7909,8104],[42,-252]],[[7438,7928],[47,260]],[[2949,2457],[-506,-557]],[[3524,2330],[-618,-743]],[[5294,2491],[-279,-42]],[[6039,3550],[-311,-26]],[[6026,3730],[13,-180]],[[7109,3781],[5,3]],[[7114,3784],[9,-18]],[[7598,4069],[126,-440]],[[7724,3629],[-600,163]],[[7124,3792],[474,277]],[[7598,4069],[-111,314]],[[8023,4267],[-425,-198]],[[7587,2818],[11,296]],[[7598,3114],[6,35]],[[7604,3149],[-17,-331]],[[9015,3601],[-1291,28]],[[8310,4957],[267,110]],[[6196,5328],[184,341]],[[5997,5256],[-117,272]],[[5712,4828],[-96,-62]],[[4867,4738],[-5,-101]],[[4700,4513],[-132,167]],[[4577,4701],[-9,-21]],[[4577,4701],[6,18]],[[4594,4741],[-11,-22]],[[4594,4741],[15,37]],[[4609,4781],[0,-3]],[[4609,4781],[11,11]],[[4629,4813],[-9,-21]],[[4629,4813],[6,18]],[[4645,4852],[-10,-21]],[[4645,4852],[13,30]],[[4687,4932],[-29,-50]],[[4687,4932],[1,3]],[[4688,4935],[179,-197]],[[4950,4818],[201,-52]],[[5151,4766],[-258,-144]],[[4867,4738],[83,80]],[[4977,5001],[-1,-10]],[[4976,4991],[-26,-173]],[[4693,4939],[-5,-4]],[[4693,4939],[-1,11]],[[4693,4954],[-1,-4]],[[4693,4954],[222,39]],[[4918,4993],[-3,0]],[[4918,4993],[59,9]],[[4977,5002],[0,-1]],[[4976,4991],[176,39]],[[8778,6737],[253,-320]],[[8278,6601],[500,136]],[[8625,6969],[153,-232]],[[8346,6990],[181,43]],[[5738,8130],[-43,-93]],[[5512,8120],[31,115]],[[6002,8600],[-5,-29]],[[5997,8571],[2,0]],[[5999,8571],[-219,-463]],[[5953,8712],[49,-112]],[[6039,3550],[25,-310]],[[6064,3240],[-32,-27]],[[6223,3770],[-159,-530]],[[6569,3650],[34,-51]],[[6606,3596],[-516,-364]],[[6090,3232],[-26,8]],[[6090,3232],[-16,-1076]],[[7108,3782],[-6,10]],[[7102,3792],[12,-8]],[[7124,3792],[-53,57]],[[7071,3849],[11,484]],[[7071,3849],[31,-57]],[[4751,6164],[-236,-182]],[[4435,5871],[95,422]],[[5668,7874],[-99,-123]],[[5569,7751],[-52,48]],[[5552,7622],[-24,13]],[[5528,7635],[41,116]],[[5530,7199],[-16,-29]],[[5514,7170],[-162,88]],[[5352,7258],[33,60]],[[5479,7108],[35,62]],[[6703,8831],[-124,-295]],[[6385,8581],[62,65]],[[6447,8646],[206,170]],[[6653,8816],[50,15]],[[6860,8978],[-157,-147]],[[6653,8816],[-130,130]],[[6658,9124],[202,-146]],[[6233,8480],[147,261]],[[6380,8741],[67,-95]],[[6380,8741],[81,137]],[[6122,8448],[189,293]],[[6311,8741],[69,0]],[[6057,8613],[86,120]],[[6143,8733],[168,8]],[[6143,8733],[95,231]],[[6238,8964],[26,33]],[[6949,9106],[-26,10]],[[6923,9116],[-290,140]],[[6403,9307],[-375,15]],[[6028,9322],[949,378]],[[6923,9116],[-63,-138]],[[5462,7517],[21,26]],[[5483,7543],[45,92]],[[5283,7676],[37,54]],[[5320,7730],[163,-187]],[[5320,7730],[54,158]],[[5001,6102],[-114,-209]],[[8468,5334],[-102,-16]],[[6786,8198],[-67,-108]],[[6774,8325],[42,-72]],[[6190,8990],[-237,-278]],[[5820,8910],[370,80]],[[5665,4434],[-192,184]],[[6691,8405],[-110,80]],[[4667,4424],[-206,108]],[[4461,4532],[37,14]],[[4509,4564],[-11,-18]],[[4509,4564],[7,15]],[[4530,4597],[-14,-18]],[[4530,4597],[9,15]],[[4546,4632],[-7,-20]],[[4546,4632],[41,4]],[[4565,4665],[22,-29]],[[4565,4665],[3,15]],[[4621,4184],[-237,293]],[[4452,4531],[-68,-54]],[[4452,4531],[9,1]],[[6190,8990],[-188,-390]],[[6238,8964],[-122,86]],[[6116,9050],[160,22]],[[6116,9050],[-142,77]],[[5974,9127],[0,0]],[[5974,9127],[54,195]]]}